-- MySQL dump 10.13  Distrib 5.7.11, for osx10.11 (x86_64)
--
-- Host: localhost    Database: satellite
-- ------------------------------------------------------
-- Server version	5.7.11

/*!40101 SET @OLD_CHARACTER_SET_CLIENT=@@CHARACTER_SET_CLIENT */;
/*!40101 SET @OLD_CHARACTER_SET_RESULTS=@@CHARACTER_SET_RESULTS */;
/*!40101 SET @OLD_COLLATION_CONNECTION=@@COLLATION_CONNECTION */;
/*!40101 SET NAMES utf8 */;
/*!40103 SET @OLD_TIME_ZONE=@@TIME_ZONE */;
/*!40103 SET TIME_ZONE='+00:00' */;
/*!40014 SET @OLD_UNIQUE_CHECKS=@@UNIQUE_CHECKS, UNIQUE_CHECKS=0 */;
/*!40014 SET @OLD_FOREIGN_KEY_CHECKS=@@FOREIGN_KEY_CHECKS, FOREIGN_KEY_CHECKS=0 */;
/*!40101 SET @OLD_SQL_MODE=@@SQL_MODE, SQL_MODE='NO_AUTO_VALUE_ON_ZERO' */;
/*!40111 SET @OLD_SQL_NOTES=@@SQL_NOTES, SQL_NOTES=0 */;

--
-- Table structure for table `alias`
--

DROP TABLE IF EXISTS `alias`;
/*!40101 SET @saved_cs_client     = @@character_set_client */;
/*!40101 SET character_set_client = utf8 */;
CREATE TABLE `alias` (
  `id` bigint(20) NOT NULL AUTO_INCREMENT,
  `tle_catnum` bigint(20) DEFAULT '0',
  `name` varchar(45) NOT NULL,
  `tle_source_id` bigint(20) NOT NULL DEFAULT '0',
  `priority` bigint(20) NOT NULL DEFAULT '1',
  `created_date` timestamp NOT NULL DEFAULT CURRENT_TIMESTAMP,
  `createdDate` datetime DEFAULT NULL,
  PRIMARY KEY (`id`),
  KEY `alias_tle_fk_idx` (`tle_catnum`),
  KEY `alias_source_fk_idx` (`tle_source_id`),
  CONSTRAINT `FK_646lk3psvut91y1pvncij0mnv` FOREIGN KEY (`tle_catnum`) REFERENCES `tle` (`catnum`),
  CONSTRAINT `FK_hnqfp57yikmo6n1o936c5pkfk` FOREIGN KEY (`tle_source_id`) REFERENCES `tle_source` (`id`)
) ENGINE=InnoDB AUTO_INCREMENT=1923 DEFAULT CHARSET=utf8;
/*!40101 SET character_set_client = @saved_cs_client */;

--
-- Dumping data for table `alias`
--

LOCK TABLES `alias` WRITE;
/*!40000 ALTER TABLE `alias` DISABLE KEYS */;
INSERT INTO `alias` VALUES (1632,22825,'EYESAT-1 (AO-27)',1,10,'2016-08-30 19:02:37','2016-08-30 20:02:28'),(1633,27844,'CUTE-1 (CO-55)',1,10,'2016-08-30 19:02:47','2016-08-30 20:02:38'),(1634,27848,'CUBESAT XI-IV (CO-57)',1,10,'2016-08-30 19:02:57','2016-08-30 20:02:49'),(1635,28895,'CUBESAT XI 5',1,10,'2016-08-30 19:03:06','2016-08-30 20:02:58'),(1636,32785,'CUTE-1.7+APD II (CO-65)',1,10,'2016-08-30 19:03:14','2016-08-30 20:03:08'),(1637,32787,'COMPASS-1',1,10,'2016-08-30 19:03:15','2016-08-30 20:03:15'),(1638,32788,'AAUSAT-II',1,10,'2016-08-30 19:03:15','2016-08-30 20:03:15'),(1639,32789,'DELFI-C3 (DO-64)',1,10,'2016-08-30 19:03:16','2016-08-30 20:03:16'),(1640,32790,'CANX-2',1,10,'2016-08-30 19:03:17','2016-08-30 20:03:16'),(1641,32791,'SEEDS II (CO-66)',1,10,'2016-08-30 19:03:17','2016-08-30 20:03:17'),(1642,35932,'SWISSCUBE',1,10,'2016-08-30 19:03:18','2016-08-30 20:03:18'),(1643,35933,'BEESAT',1,10,'2016-08-30 19:03:18','2016-08-30 20:03:18'),(1644,35935,'ITUPSAT 1',1,10,'2016-08-30 19:03:19','2016-08-30 20:03:19'),(1645,36799,'TISAT 1',1,10,'2016-08-30 19:03:19','2016-08-30 20:03:19'),(1646,37855,'M-CUBED & EXP-1 PRIME',1,10,'2016-08-30 19:03:20','2016-08-30 20:03:20'),(1647,38340,'HORYU 2',1,10,'2016-08-30 19:03:21','2016-08-30 20:03:20'),(1648,39090,'STRAND-1',1,10,'2016-08-30 19:03:21','2016-08-30 20:03:21'),(1649,39091,'BRITE-AUSTRIA',1,10,'2016-08-30 19:03:22','2016-08-30 20:03:22'),(1650,39092,'UNIBRITE',1,10,'2016-08-30 19:03:23','2016-08-30 20:03:22'),(1651,39133,'AIST-2',1,10,'2016-08-30 19:03:23','2016-08-30 20:03:23'),(1652,39134,'SOMP',1,10,'2016-08-30 19:03:24','2016-08-30 20:03:24'),(1653,39136,'BEESAT-2',1,10,'2016-08-30 19:03:24','2016-08-30 20:03:24'),(1654,39151,'NEE-01 PEGASUS',1,10,'2016-08-30 19:03:25','2016-08-30 20:03:25'),(1655,39153,'CUBEBUG-1 (CAPITAN BETO)',1,10,'2016-08-30 19:03:26','2016-08-30 20:03:25'),(1656,39161,'ESTCUBE 1',1,10,'2016-08-30 19:03:27','2016-08-30 20:03:27'),(1657,39268,'POPACS 1',1,10,'2016-08-30 19:03:28','2016-08-30 20:03:27'),(1658,39269,'POPACS 2',1,10,'2016-08-30 19:03:28','2016-08-30 20:03:28'),(1659,39270,'POPACS 3',1,10,'2016-08-30 19:03:29','2016-08-30 20:03:29'),(1660,39381,'PHONESAT 2.4',1,10,'2016-08-30 19:03:29','2016-08-30 20:03:29'),(1661,39404,'FIREFLY',1,10,'2016-08-30 19:03:30','2016-08-30 20:03:30'),(1662,39417,'ZACUBE-1 (TSHEPISOSAT)',1,10,'2016-08-30 19:03:31','2016-08-30 20:03:31'),(1663,39423,'WNISAT-1',1,10,'2016-08-30 19:03:31','2016-08-30 20:03:31'),(1664,39427,'TRITON-1',1,10,'2016-08-30 19:03:32','2016-08-30 20:03:32'),(1665,39430,'GOMX 1',1,10,'2016-08-30 19:03:33','2016-08-30 20:03:33'),(1666,39431,'BRITE-PL',1,10,'2016-08-30 19:03:33','2016-08-30 20:03:33'),(1667,39433,'HUMSAT-D',1,10,'2016-08-30 19:03:34','2016-08-30 20:03:34'),(1668,39436,'EAGLE 2',1,10,'2016-08-30 19:03:35','2016-08-30 20:03:35'),(1669,39440,'CUBEBUG-2 (LO-74)',1,10,'2016-08-30 19:03:35','2016-08-30 20:03:35'),(1670,39441,'NEE-02 KRYSAOR',1,10,'2016-08-30 19:03:36','2016-08-30 20:03:36'),(1671,39444,'FUNCUBE-1 (AO-73)',1,10,'2016-08-30 19:03:49','2016-08-30 20:03:36'),(1672,39446,'UWE-3',1,10,'2016-08-30 19:03:49','2016-08-30 20:03:49'),(1673,40020,'BRITE-TORONTO',1,10,'2016-08-30 19:03:49','2016-08-30 20:03:49'),(1674,40021,'DUCHIFAT-1',1,10,'2016-08-30 19:03:49','2016-08-30 20:03:50'),(1675,40023,'FLOCK 1C-10',1,10,'2016-08-30 19:03:49','2016-08-30 20:03:50'),(1676,40024,'NANOSATC-BR1',1,10,'2016-08-30 19:03:49','2016-08-30 20:03:50'),(1677,40025,'QB50P1',1,10,'2016-08-30 19:03:50','2016-08-30 20:03:50'),(1678,40026,'FLOCK 1C-7',1,10,'2016-08-30 19:03:50','2016-08-30 20:03:50'),(1679,40027,'FLOCK 1C-1',1,10,'2016-08-30 19:03:50','2016-08-30 20:03:50'),(1680,40028,'POPSAT-HIP-1',1,10,'2016-08-30 19:03:50','2016-08-30 20:03:50'),(1681,40029,'FLOCK 1C-2',1,10,'2016-08-30 19:03:50','2016-08-30 20:03:50'),(1682,40031,'FLOCK 1C-4',1,10,'2016-08-30 19:03:50','2016-08-30 20:03:51'),(1683,40032,'QB50P2',1,10,'2016-08-30 19:03:50','2016-08-30 20:03:51'),(1684,40033,'FLOCK 1C-11',1,10,'2016-08-30 19:03:50','2016-08-30 20:03:51'),(1685,40034,'ANTELSAT',1,10,'2016-08-30 19:03:51','2016-08-30 20:03:51'),(1686,40035,'FLOCK 1C-9',1,10,'2016-08-30 19:03:51','2016-08-30 20:03:51'),(1687,40036,'FLOCK 1C-6',1,10,'2016-08-30 19:03:51','2016-08-30 20:03:51'),(1688,40037,'PERSEUS-M2',1,10,'2016-08-30 19:03:51','2016-08-30 20:03:51'),(1689,40038,'FLOCK 1C-5',1,10,'2016-08-30 19:03:51','2016-08-30 20:03:51'),(1690,40039,'PERSEUS-M1',1,10,'2016-08-30 19:03:51','2016-08-30 20:03:52'),(1691,40040,'FLOCK 1C-8',1,10,'2016-08-30 19:03:51','2016-08-30 20:03:52'),(1692,40041,'FLOCK 1C-3',1,10,'2016-08-30 19:03:52','2016-08-30 20:03:52'),(1693,40042,'POLYITAN-1',1,10,'2016-08-30 19:03:52','2016-08-30 20:03:52'),(1694,40043,'TIGRISAT',1,10,'2016-08-30 19:03:52','2016-08-30 20:03:52'),(1695,40044,'LEMUR-1',1,10,'2016-08-30 19:03:52','2016-08-30 20:03:52'),(1696,40045,'AEROCUBE 6A',1,10,'2016-08-30 19:03:52','2016-08-30 20:03:53'),(1697,40046,'AEROCUBE 6B',1,10,'2016-08-30 19:03:52','2016-08-30 20:03:53'),(1698,40074,'UKUBE-1',1,10,'2016-08-30 19:03:52','2016-08-30 20:03:53'),(1699,40119,'BRITE-PL 2',1,10,'2016-08-30 19:03:53','2016-08-30 20:03:53'),(1700,40378,'FIREBIRD 4',1,10,'2016-08-30 19:03:53','2016-08-30 20:03:53'),(1701,40379,'GRIFEX',1,10,'2016-08-30 19:03:53','2016-08-30 20:03:53'),(1702,40380,'EXOCUBE',1,10,'2016-08-30 19:03:53','2016-08-30 20:03:53'),(1703,40719,'DEORBITSAIL',1,10,'2016-08-30 19:03:53','2016-08-30 20:03:54'),(1704,40898,'S-CUBE',1,10,'2016-08-30 19:03:53','2016-08-30 20:03:54'),(1705,40926,'TIANWANG 1C (TW-1C)',1,10,'2016-08-30 19:03:54','2016-08-30 20:03:54'),(1706,40927,'TIANWANG 1B (TW-1B)',1,10,'2016-08-30 19:03:54','2016-08-30 20:03:54'),(1707,40928,'TIANWANG 1A (TW-1A)',1,10,'2016-08-30 19:03:54','2016-08-30 20:03:54'),(1708,40932,'LEMUR-2-JOEL',1,10,'2016-08-30 19:03:54','2016-08-30 20:03:54'),(1709,40933,'LEMUR-2-CHRIS',1,10,'2016-08-30 19:03:54','2016-08-30 20:03:55'),(1710,40934,'LEMUR-2-JEROEN',1,10,'2016-08-30 19:03:54','2016-08-30 20:03:55'),(1711,40935,'LEMUR-2-PETER',1,10,'2016-08-30 19:03:55','2016-08-30 20:03:55'),(1712,40936,'EXACTVIEW 9',1,10,'2016-08-30 19:03:55','2016-08-30 20:03:55'),(1713,40949,'GOMX 3',1,10,'2016-08-30 19:03:55','2016-08-30 20:03:55'),(1714,40950,'FLOCK 2B-1',1,10,'2016-08-30 19:03:55','2016-08-30 20:03:56'),(1715,40951,'FLOCK 2B-2',1,10,'2016-08-30 19:03:55','2016-08-30 20:03:56'),(1716,40952,'FLOCK 2B-3',1,10,'2016-08-30 19:03:56','2016-08-30 20:03:56'),(1717,40953,'FLOCK 2B-4',1,10,'2016-08-30 19:03:56','2016-08-30 20:03:56'),(1718,40954,'FLOCK 2B-5',1,10,'2016-08-30 19:03:56','2016-08-30 20:03:56'),(1719,40956,'FLOCK 2B-7',1,10,'2016-08-30 19:03:56','2016-08-30 20:03:57'),(1720,40962,'FLOCK 2B-10',1,10,'2016-08-30 19:03:57','2016-08-30 20:03:57'),(1721,40963,'FLOCK 2B-9',1,10,'2016-08-30 19:03:57','2016-08-30 20:03:57'),(1722,40979,'FLOCK 2B-13',1,10,'2016-08-30 19:03:57','2016-08-30 20:03:57'),(1723,40980,'FLOCK 2B-14',1,10,'2016-08-30 19:03:57','2016-08-30 20:03:57'),(1724,41168,'ATHENOXAT 1',1,10,'2016-08-30 19:03:57','2016-08-30 20:03:58'),(1725,41170,'GALASSIA',1,10,'2016-08-30 19:03:58','2016-08-30 20:03:58'),(1726,41171,'VELOX 2',1,10,'2016-08-30 19:03:58','2016-08-30 20:03:58'),(1727,41313,'AGGIESAT 4',1,10,'2016-08-30 19:03:58','2016-08-30 20:03:58'),(1728,41314,'BEVO 2',1,10,'2016-08-30 19:03:58','2016-08-30 20:03:59'),(1729,41340,'HORYU-IV',1,10,'2016-08-30 19:03:59','2016-08-30 20:03:59'),(1730,41458,'OUFTI-1',1,10,'2016-08-30 19:03:59','2016-08-30 20:03:59'),(1731,41459,'E-ST@R-II',1,10,'2016-08-30 19:03:59','2016-08-30 20:03:59'),(1732,41460,'AAUSAT 4',1,10,'2016-08-30 19:03:59','2016-08-30 20:04:00'),(1733,41463,'DIWATA-1',1,10,'2016-08-30 19:04:00','2016-08-30 20:04:00'),(1734,41474,'MINXSS',1,10,'2016-08-30 19:04:00','2016-08-30 20:04:00'),(1735,41475,'CADRE',1,10,'2016-08-30 19:04:00','2016-08-30 20:04:00'),(1736,41476,'STMSAT-1',1,10,'2016-08-30 19:04:00','2016-08-30 20:04:00'),(1737,41477,'NODES 1',1,10,'2016-08-30 19:04:00','2016-08-30 20:04:01'),(1738,41478,'NODES 2',1,10,'2016-08-30 19:04:01','2016-08-30 20:04:01'),(1739,41479,'FLOCK 2E\'-1',1,10,'2016-08-30 19:04:01','2016-08-30 20:04:01'),(1740,41480,'FLOCK 2E\'-3',1,10,'2016-08-30 19:04:01','2016-08-30 20:04:01'),(1741,41481,'FLOCK 2E\'-2',1,10,'2016-08-30 19:04:01','2016-08-30 20:04:02'),(1742,41482,'FLOCK 2E\'-4',1,10,'2016-08-30 19:04:02','2016-08-30 20:04:02'),(1743,41483,'FLOCK 2E-1',1,10,'2016-08-30 19:04:02','2016-08-30 20:04:02'),(1744,41484,'FLOCK 2E-2',1,10,'2016-08-30 19:04:02','2016-08-30 20:04:02'),(1745,41485,'LEMUR-2-THERESACONDOR',1,10,'2016-08-30 19:04:02','2016-08-30 20:04:03'),(1746,41486,'FLOCK 2E-3',1,10,'2016-08-30 19:04:03','2016-08-30 20:04:03'),(1747,41487,'FLOCK 2E-4',1,10,'2016-08-30 19:04:03','2016-08-30 20:04:03'),(1748,41488,'LEMUR-2-NICK-ALLAIN',1,10,'2016-08-30 19:04:03','2016-08-30 20:04:03'),(1749,41489,'LEMUR-2-KANE',1,10,'2016-08-30 19:04:03','2016-08-30 20:04:04'),(1750,41490,'LEMUR-2-JEFF',1,10,'2016-08-30 19:04:04','2016-08-30 20:04:04'),(1751,41563,'FLOCK 2E-6',1,10,'2016-08-30 19:04:04','2016-08-30 20:04:04'),(1752,41564,'FLOCK 2E-5',1,10,'2016-08-30 19:04:04','2016-08-30 20:04:04'),(1753,41565,'FLOCK 2E-7',1,10,'2016-08-30 19:04:04','2016-08-30 20:04:05'),(1754,41566,'FLOCK 2E-8',1,10,'2016-08-30 19:04:05','2016-08-30 20:04:05'),(1755,41567,'FLOCK 2E\'-5',1,10,'2016-08-30 19:04:05','2016-08-30 20:04:05'),(1756,41568,'FLOCK 2E\'-6',1,10,'2016-08-30 19:04:05','2016-08-30 20:04:05'),(1757,41569,'FLOCK 2E\'-8',1,10,'2016-08-30 19:04:05','2016-08-30 20:04:06'),(1758,41570,'FLOCK 2E\'-7',1,10,'2016-08-30 19:04:06','2016-08-30 20:04:06'),(1759,41571,'FLOCK 2E-9',1,10,'2016-08-30 19:04:06','2016-08-30 20:04:06'),(1760,41572,'FLOCK 2E-10',1,10,'2016-08-30 19:04:06','2016-08-30 20:04:07'),(1761,41573,'FLOCK 2E-12',1,10,'2016-08-30 19:04:07','2016-08-30 20:04:07'),(1762,41574,'FLOCK 2E-11',1,10,'2016-08-30 19:04:07','2016-08-30 20:04:07'),(1763,41575,'FLOCK 2E\'-9',1,10,'2016-08-30 19:04:07','2016-08-30 20:04:07'),(1764,41576,'FLOCK 2E\'-10',1,10,'2016-08-30 19:04:07','2016-08-30 20:04:08'),(1765,41577,'FLOCK 2E\'-11',1,10,'2016-08-30 19:04:08','2016-08-30 20:04:08'),(1766,41578,'FLOCK 2E\'-12',1,10,'2016-08-30 19:04:08','2016-08-30 20:04:08'),(1767,41595,'LEMUR 2 DRMUZZ',1,10,'2016-08-30 19:04:08','2016-08-30 20:04:08'),(1768,41596,'LEMUR 2 BRIDGEMAN',1,10,'2016-08-30 19:04:09','2016-08-30 20:04:09'),(1769,41597,'LEMUR-2-NATE',1,10,'2016-08-30 19:04:09','2016-08-30 20:04:09'),(1770,41598,'LEMUR-2-CUBECHEESE',1,10,'2016-08-30 19:04:09','2016-08-30 20:04:09'),(1771,41606,'FLOCK 2P-6',1,10,'2016-08-30 19:04:09','2016-08-30 20:04:10'),(1772,41608,'FLOCK 2P-11',1,10,'2016-08-30 19:04:10','2016-08-30 20:04:10'),(1773,41609,'FLOCK 2P-2',1,10,'2016-08-30 19:04:10','2016-08-30 20:04:10'),(1774,41610,'FLOCK 2P-9',1,10,'2016-08-30 19:04:10','2016-08-30 20:04:11'),(1775,41611,'FLOCK 2P-4',1,10,'2016-08-30 19:04:11','2016-08-30 20:04:11'),(1776,41612,'FLOCK 2P-10',1,10,'2016-08-30 19:04:11','2016-08-30 20:04:11'),(1777,41613,'FLOCK 2P-8',1,10,'2016-08-30 19:04:11','2016-08-30 20:04:11'),(1778,41614,'FLOCK 2P-12',1,10,'2016-08-30 19:04:12','2016-08-30 20:04:12'),(1779,41615,'FLOCK 2P-7',1,10,'2016-08-30 19:04:12','2016-08-30 20:04:12'),(1780,41616,'FLOCK 2P-5',1,10,'2016-08-30 19:04:12','2016-08-30 20:04:12'),(1781,41617,'FLOCK 2P-1',1,10,'2016-08-30 19:04:12','2016-08-30 20:04:13'),(1782,41618,'FLOCK 2P-3',1,10,'2016-08-30 19:04:15','2016-08-30 20:04:13'),(1783,7530,'OSCAR 7 (AO-7)',2,10,'2016-08-30 19:04:16','2016-08-30 20:04:16'),(1784,14781,'UOSAT 2 (UO-11)',2,10,'2016-08-30 19:04:16','2016-08-30 20:04:16'),(1785,20442,'LUSAT (LO-19)',2,10,'2016-08-30 19:04:16','2016-08-30 20:04:16'),(1786,22826,'ITAMSAT (IO-26)',2,10,'2016-08-30 19:04:47','2016-08-30 20:04:47'),(1787,23439,'RADIO ROSTO (RS-15)',2,10,'2016-08-30 19:04:47','2016-08-30 20:04:47'),(1788,24278,'JAS-2 (FO-29)',2,10,'2016-08-30 19:04:47','2016-08-30 20:04:47'),(1789,25397,'TECHSAT 1B (GO-32)',2,10,'2016-08-30 19:04:48','2016-08-30 20:04:48'),(1790,25544,'ISS (ZARYA)',2,10,'2016-08-30 19:04:48','2016-08-30 20:04:48'),(1791,26931,'PCSAT (NO-44)',2,10,'2016-08-30 19:04:48','2016-08-30 20:04:48'),(1792,27607,'SAUDISAT 1C (SO-50)',2,10,'2016-08-30 19:04:49','2016-08-30 20:04:49'),(1793,27939,'MOZHAYETS 4 (RS-22)',2,10,'2016-08-30 19:05:25','2016-08-30 20:05:25'),(1794,28895,'CUBESAT XI-V (CO-58)',2,0,'2016-08-30 19:05:44','2016-08-30 20:05:25'),(1795,32953,'YUBILEINY (RS-30)',2,10,'2016-08-30 19:05:44','2016-08-30 20:05:44'),(1796,33493,'PRISM (HITOMI)',2,10,'2016-08-30 19:05:44','2016-08-30 20:05:44'),(1797,33499,'KKS-1 (KISEKI)',2,10,'2016-08-30 19:05:45','2016-08-30 20:05:45'),(1798,36122,'XIWANG-1 (HOPE-1)',2,10,'2016-08-30 19:05:46','2016-08-30 20:05:46'),(1799,37839,'JUGNU',2,10,'2016-08-30 19:05:47','2016-08-30 20:05:47'),(1800,37841,'SRMSAT',2,10,'2016-08-30 19:05:47','2016-08-30 20:05:47'),(1801,39770,'SPROUT',2,10,'2016-08-30 19:05:52','2016-08-30 20:05:52'),(1802,40012,'UNISAT-6',2,10,'2016-08-30 19:05:52','2016-08-30 20:05:52'),(1803,40300,'CHUBUSAT-1',2,10,'2016-08-30 19:05:53','2016-08-30 20:05:53'),(1804,40900,'NUDT-PHONESAT',2,10,'2016-08-30 19:05:53','2016-08-30 20:05:53'),(1805,40901,'ZDPS 2A',2,10,'2016-08-30 19:05:54','2016-08-30 20:05:54'),(1806,40902,'ZDPS 2B',2,10,'2016-08-30 19:05:54','2016-08-30 20:05:54'),(1807,40903,'XW-2A',2,10,'2016-08-30 19:05:54','2016-08-30 20:05:54'),(1808,40904,'KAITUO 1A',2,10,'2016-08-30 19:05:55','2016-08-30 20:05:55'),(1809,40905,'2015-049G',2,10,'2016-08-30 19:05:55','2016-08-30 20:05:55'),(1810,40906,'XW-2C',2,10,'2016-08-30 19:05:55','2016-08-30 20:05:56'),(1811,40907,'XW-2D',2,10,'2016-08-30 19:05:56','2016-08-30 20:05:56'),(1812,40908,'LILACSAT 2',2,10,'2016-08-30 19:05:56','2016-08-30 20:05:56'),(1813,40910,'XW-2F',2,10,'2016-08-30 19:05:57','2016-08-30 20:05:57'),(1814,40911,'XW-2B',2,10,'2016-08-30 19:05:57','2016-08-30 20:05:57'),(1815,40912,'KAITUO 1B',2,10,'2016-08-30 19:05:57','2016-08-30 20:05:57'),(1816,40931,'LAPAN-A2 (IO-86)',2,10,'2016-08-30 19:05:59','2016-08-30 20:05:59'),(1817,40958,'LQSAT',2,10,'2016-08-30 19:05:59','2016-08-30 20:06:00'),(1818,41338,'CHUBUSAT-2',2,10,'2016-08-30 19:06:00','2016-08-30 20:06:00'),(1819,41339,'CHUBUSAT-3',2,10,'2016-08-30 19:06:00','2016-08-30 20:06:00'),(1820,24932,'METEOSAT-7',3,10,'2016-08-30 19:06:04','2016-08-30 20:06:04'),(1821,25338,'NOAA 15',3,10,'2016-08-30 19:06:05','2016-08-30 20:06:05'),(1822,27509,'METEOSAT-8 (MSG-1)',3,10,'2016-08-30 19:06:05','2016-08-30 20:06:05'),(1823,27525,'KALPANA-1 (METSAT 1)',3,10,'2016-08-30 19:06:05','2016-08-30 20:06:06'),(1824,27714,'INSAT-3A',3,10,'2016-08-30 19:06:06','2016-08-30 20:06:06'),(1825,28654,'NOAA 18',3,10,'2016-08-30 19:06:06','2016-08-30 20:06:06'),(1826,28912,'METEOSAT-9 (MSG-2)',3,10,'2016-08-30 19:06:06','2016-08-30 20:06:07'),(1827,28937,'MTSAT-2',3,10,'2016-08-30 19:06:07','2016-08-30 20:06:07'),(1828,29047,'FORMOSAT-3 FM6',3,10,'2016-08-30 19:06:07','2016-08-30 20:06:07'),(1829,29048,'FORMOSAT-3 FM1',3,10,'2016-08-30 19:06:08','2016-08-30 20:06:08'),(1830,29049,'FORMOSAT-3 FM5',3,10,'2016-08-30 19:06:08','2016-08-30 20:06:08'),(1831,29050,'FORMOSAT-3 FM3',3,10,'2016-08-30 19:06:08','2016-08-30 20:06:09'),(1832,29051,'FORMOSAT-3 FM4',3,10,'2016-08-30 19:06:09','2016-08-30 20:06:09'),(1833,29052,'FORMOSAT-3 FM2',3,10,'2016-08-30 19:06:09','2016-08-30 20:06:09'),(1834,29155,'GOES 13',3,10,'2016-08-30 19:06:10','2016-08-30 20:06:10'),(1835,29499,'METOP-A',3,10,'2016-08-30 19:06:10','2016-08-30 20:06:10'),(1836,29640,'FENGYUN 2D',3,10,'2016-08-30 19:06:10','2016-08-30 20:06:10'),(1837,32958,'FENGYUN 3A',3,10,'2016-08-30 19:06:10','2016-08-30 20:06:10'),(1838,33463,'FENGYUN 2E',3,10,'2016-08-30 19:06:10','2016-08-30 20:06:10'),(1839,33591,'NOAA 19',3,10,'2016-08-30 19:06:10','2016-08-30 20:06:10'),(1840,35491,'GOES 14',3,10,'2016-08-30 19:06:10','2016-08-30 20:06:10'),(1841,35865,'METEOR-M 1',3,10,'2016-08-30 19:06:10','2016-08-30 20:06:10'),(1842,36411,'GOES 15',3,10,'2016-08-30 19:06:10','2016-08-30 20:06:10'),(1843,36744,'COMS 1',3,10,'2016-08-30 19:06:10','2016-08-30 20:06:10'),(1844,37214,'FENGYUN 3B',3,10,'2016-08-30 19:06:10','2016-08-30 20:06:10'),(1845,37344,'ELEKTRO-L 1 (GOMS 2)',3,10,'2016-08-30 19:06:10','2016-08-30 20:06:10'),(1846,37849,'SUOMI NPP',3,10,'2016-08-30 19:06:10','2016-08-30 20:06:10'),(1847,38049,'FENGYUN 2F',3,10,'2016-08-30 19:06:10','2016-08-30 20:06:10'),(1848,38552,'METEOSAT-10 (MSG-3)',3,10,'2016-08-30 19:06:10','2016-08-30 20:06:10'),(1849,38771,'METOP-B',3,10,'2016-08-30 19:06:10','2016-08-30 20:06:10'),(1850,39260,'FENGYUN 3C',3,10,'2016-08-30 19:06:10','2016-08-30 20:06:10'),(1851,40069,'METEOR-M 2',3,10,'2016-08-30 19:06:10','2016-08-30 20:06:10'),(1852,40267,'HIMAWARI 8',3,10,'2016-08-30 19:06:10','2016-08-30 20:06:10'),(1853,40367,'FENGYUN 2G',3,10,'2016-08-30 19:06:10','2016-08-30 20:06:10'),(1854,40732,'METEOSAT-11 (MSG-4)',3,10,'2016-08-30 19:06:10','2016-08-30 20:06:10'),(1855,41105,'ELEKTRO-L 2',3,10,'2016-08-30 19:06:11','2016-08-30 20:06:10'),(1856,7530,'AO-07',4,0,'2016-08-30 19:06:11','2016-08-30 20:06:11'),(1857,24278,'FO-29',4,0,'2016-08-30 19:06:11','2016-08-30 20:06:11'),(1858,27939,'RS-22',4,0,'2016-08-30 19:06:11','2016-08-30 20:06:11'),(1859,39444,'AO-73',4,0,'2016-08-30 19:06:11','2016-08-30 20:06:11'),(1860,40025,'EO-79',4,0,'2016-08-30 19:06:11','2016-08-30 20:06:11'),(1861,40908,'LILACSAT-2',4,0,'2016-08-30 19:06:11','2016-08-30 20:06:11'),(1862,14781,'UO-11',4,0,'2016-08-30 19:06:11','2016-08-30 20:06:11'),(1863,20442,'LO-19',4,0,'2016-08-30 19:06:11','2016-08-30 20:06:11'),(1864,22825,'AO-27',4,0,'2016-08-30 19:06:11','2016-08-30 20:06:11'),(1865,22826,'IO-26',4,0,'2016-08-30 19:06:11','2016-08-30 20:06:11'),(1866,25397,'GO-32',4,0,'2016-08-30 19:06:11','2016-08-30 20:06:11'),(1867,26931,'NO-44',4,0,'2016-08-30 19:06:11','2016-08-30 20:06:11'),(1868,27607,'SO-50',4,0,'2016-08-30 19:06:11','2016-08-30 20:06:11'),(1869,27844,'CO-55',4,0,'2016-08-30 19:06:11','2016-08-30 20:06:11'),(1870,27848,'CO-57',4,0,'2016-08-30 19:06:11','2016-08-30 20:06:11'),(1871,32785,'CO-65',4,0,'2016-08-30 19:06:11','2016-08-30 20:06:11'),(1872,33493,'PRISM',4,0,'2016-08-30 19:06:11','2016-08-30 20:06:11'),(1873,36799,'TISAT-1',4,0,'2016-08-30 19:06:11','2016-08-30 20:06:11'),(1874,38078,'ALMASAT-1',4,10,'2016-08-30 19:06:11','2016-08-30 20:06:11'),(1875,40024,'NANOSATCBR1',4,0,'2016-08-30 19:06:11','2016-08-30 20:06:11'),(1876,40030,'DTUSAT-2',4,10,'2016-08-30 19:06:11','2016-08-30 20:06:11'),(1877,22782,'MET-2/21',4,10,'2016-08-30 19:06:11','2016-08-30 20:06:11'),(1878,25338,'NOAA-15',4,0,'2016-08-30 19:06:11','2016-08-30 20:06:11'),(1879,28654,'NOAA-18',4,0,'2016-08-30 19:06:11','2016-08-30 20:06:11'),(1880,33591,'NOAA-19',4,0,'2016-08-30 19:06:11','2016-08-30 20:06:12'),(1881,20580,'HUBBLE',4,10,'2016-08-30 19:06:11','2016-08-30 20:06:12'),(1882,25544,'ISS',4,0,'2016-08-30 19:06:11','2016-08-30 20:06:12'),(1883,28895,'CO-58',4,0,'2016-08-30 19:06:11','2016-08-30 20:06:12'),(1884,32788,'AAUSAT2',4,0,'2016-08-30 19:06:11','2016-08-30 20:06:12'),(1885,32789,'DO-64',4,0,'2016-08-30 19:06:11','2016-08-30 20:06:12'),(1886,32791,'CO-66',4,0,'2016-08-30 19:06:11','2016-08-30 20:06:12'),(1887,32953,'RS-30',4,0,'2016-08-30 19:06:11','2016-08-30 20:06:12'),(1888,37854,'AO-71',4,10,'2016-08-30 19:06:11','2016-08-30 20:06:12'),(1889,37855,'HRBE',4,0,'2016-08-30 19:06:11','2016-08-30 20:06:12'),(1890,38340,'HORYU-2',4,0,'2016-08-30 19:06:11','2016-08-30 20:06:12'),(1891,38735,'RS-40',4,10,'2016-08-30 19:06:11','2016-08-30 20:06:12'),(1892,39134,'BEESAT-3',4,0,'2016-08-30 19:06:11','2016-08-30 20:06:12'),(1893,39417,'ZACUBE-1',4,0,'2016-08-30 19:06:11','2016-08-30 20:06:12'),(1894,39430,'GOMX-1',4,0,'2016-08-30 19:06:11','2016-08-30 20:06:12'),(1895,39440,'LO-74',4,0,'2016-08-30 19:06:11','2016-08-30 20:06:12'),(1896,40032,'EO-80',4,0,'2016-08-30 19:06:11','2016-08-30 20:06:12'),(1897,40057,'VELOX-1',4,10,'2016-08-30 19:06:11','2016-08-30 20:06:12'),(1898,40071,'DAURIA DX 1',4,10,'2016-08-30 19:06:11','2016-08-30 20:06:12'),(1899,40299,'HODOYOSHI-1',4,10,'2016-08-30 19:06:11','2016-08-30 20:06:12'),(1900,40301,'QSAT-EOS',4,10,'2016-08-30 19:06:11','2016-08-30 20:06:12'),(1901,40377,'FIREBIRD FU3',4,10,'2016-08-30 19:06:11','2016-08-30 20:06:12'),(1902,40378,'FIREBIRD FU4',4,0,'2016-08-30 19:06:11','2016-08-30 20:06:12'),(1903,40654,'NO-84',4,10,'2016-08-30 19:06:11','2016-08-30 20:06:12'),(1904,40655,'NO-83',4,10,'2016-08-30 19:06:11','2016-08-30 20:06:12'),(1905,40912,'DCBB',4,0,'2016-08-30 19:06:11','2016-08-30 20:06:12'),(1906,40926,'TW-1C',4,0,'2016-08-30 19:06:11','2016-08-30 20:06:12'),(1907,40928,'TW-1A',4,0,'2016-08-30 19:06:11','2016-08-30 20:06:12'),(1908,40931,'IO-86',4,0,'2016-08-30 19:06:11','2016-08-30 20:06:12'),(1909,40949,'GomX-3',4,0,'2016-08-30 19:06:11','2016-08-30 20:06:12'),(1910,40958,'LQSat',4,0,'2016-08-30 19:06:11','2016-08-30 20:06:12'),(1911,40967,'AO-85',4,10,'2016-08-30 19:06:11','2016-08-30 20:06:12'),(1912,41168,'ATHENOXAT-1',4,0,'2016-08-30 19:06:11','2016-08-30 20:06:12'),(1913,41338,'ChubuSat-2',4,0,'2016-08-30 19:06:11','2016-08-30 20:06:12'),(1914,41339,'ChubuSat-3',4,0,'2016-08-30 19:06:11','2016-08-30 20:06:12'),(1915,41340,'Horyu-4',4,0,'2016-08-30 19:06:11','2016-08-30 20:06:12'),(1916,41459,'e-st@r-II',4,0,'2016-08-30 19:06:11','2016-08-30 20:06:12'),(1917,41460,'AAUSAT4',4,0,'2016-08-30 19:06:11','2016-08-30 20:06:12'),(1918,41474,'MinXSS',4,0,'2016-08-30 19:06:11','2016-08-30 20:06:12'),(1919,41557,'NuSat1-LUSEX',4,10,'2016-08-30 19:06:11','2016-08-30 20:06:12'),(1920,41558,'NuSat2',4,10,'2016-08-30 19:06:11','2016-08-30 20:06:12'),(1921,41603,'Lapan A3',4,10,'2016-08-30 19:06:11','2016-08-30 20:06:12'),(1922,41607,'Swayam',4,10,'2016-08-30 19:06:11','2016-08-30 20:06:12');
/*!40000 ALTER TABLE `alias` ENABLE KEYS */;
UNLOCK TABLES;

--
-- Table structure for table `tle`
--

DROP TABLE IF EXISTS `tle`;
/*!40101 SET @saved_cs_client     = @@character_set_client */;
/*!40101 SET character_set_client = utf8 */;
CREATE TABLE `tle` (
  `catnum` bigint(20) NOT NULL,
  `argper` double NOT NULL,
  `bstar` double NOT NULL,
  `createddate` datetime DEFAULT CURRENT_TIMESTAMP,
  `deepspace` bit(1) NOT NULL,
  `drag` double NOT NULL,
  `eccn` double NOT NULL,
  `eo` double NOT NULL,
  `epoch` double NOT NULL,
  `incl` double NOT NULL,
  `meanan` double NOT NULL,
  `meanmo` double NOT NULL,
  `mo` double NOT NULL,
  `name` varchar(255) DEFAULT NULL,
  `nddot6` double NOT NULL,
  `omega` double NOT NULL,
  `orbitnum` bigint(20) NOT NULL,
  `raan` double NOT NULL,
  `refepoch` double NOT NULL,
  `setnum` int(11) NOT NULL,
  `xincl` double NOT NULL,
  `xndt2o` double NOT NULL,
  `xno` double NOT NULL,
  `xnodeo` double NOT NULL,
  `year` int(11) NOT NULL,
  `updateddate` datetime NOT NULL DEFAULT CURRENT_TIMESTAMP,
  PRIMARY KEY (`catnum`),
  FULLTEXT KEY `tle_name_idx` (`name`)
) ENGINE=InnoDB DEFAULT CHARSET=latin1;
/*!40101 SET character_set_client = @saved_cs_client */;

--
-- Dumping data for table `tle`
--

LOCK TABLES `tle` WRITE;
/*!40000 ALTER TABLE `tle` DISABLE KEYS */;
INSERT INTO `tle` VALUES (7530,165.1039,0.000062178,'2016-08-30 20:04:16','\0',-0.00000034,0.0011968,0.0011968,16243.13296419,101.5827,333.5835,12.53622789,5.822130405326506,'OSCAR 7 (AO-7)',0,2.8816066628834665,91238,212.1103,243.13296419,999,1.772952578065644,-0.0000000000010302290723577638,0.05469961311521038,3.7020231123929292,16,'2016-08-30 20:04:16'),(14781,76.4103,0.000031529,'2016-08-30 20:04:16','\0',0.00000204,0.0009991,0.0009991,16242.92758379,97.7424,283.8223,14.82782984,4.953633625583103,'UOSAT 2 (UO-11)',0,1.3336113174366235,72618,292.646,242.92758379,999,1.705926698801306,0.000000000006181374434146584,0.064698612908366,5.107636242791327,16,'2016-08-30 20:04:16'),(20442,291.2146,0.000019942,'2016-08-30 20:04:16','\0',0.00000011,0.0010681,0.0010681,16242.87825043,98.5455,68.7896,14.3282699,1.2006050111298914,'LUSAT (LO-19)',0,5.08265359987828,38984,176.8041,242.87825043,999,1.7199434380240723,0.000000000000333309405762806,0.06251887146734966,3.085813676025307,16,'2016-08-30 20:04:16'),(20580,234.5783,0.000031777000000000004,'2016-08-30 20:06:12','\0',0.00000687,0.0002667,0.0002667,16238.90416071,28.4695,201.9726,15.08463662,3.5250868688134998,'HUBBLE',0,4.094163688731015,24564,158.2926,238.90416071,999,0.49688651139652573,0.0000000000208166874326407,0.06581914387147718,2.7627270515423765,16,'2016-08-30 20:06:12'),(22782,176.3486,0.0000057644,'2016-08-30 20:06:11','\0',0.00000021,0.002257,0.002257,16238.66660959,82.5461,314.2033,13.83790034,5.4838821056315,'MET-2/21',0,3.0778637012824728,16082,258.0931,238.66660959,999,1.4407012296804915,0.0000000000006363179564562659,0.060379230623960695,4.504574371678978,16,'2016-08-30 20:06:11'),(22825,99.3871,0.000021787,'2016-08-30 20:02:28','\0',0.00000011,0.0009527,0.0009527,16243.39492051,98.7666,260.8388,14.29965741,4.552495876950986,'EYESAT-1 (AO-27)',0,1.7346321290088567,19584,200.128,243.39492051,999,1.7238023610002318,0.000000000000333309405762806,0.06239402592792618,3.492892525431212,16,'2016-08-30 20:02:28'),(22826,92.7821,0.000026530000000000005,'2016-08-30 20:04:47','\0',0.00000024,0.0010087,0.0010087,16242.86285601,98.7607,267.4516,14.3029135,4.667911009726867,'ITAMSAT (IO-26)',0,1.6193531319146313,19593,199.7079,242.86285601,999,1.7236993865743642,0.0000000000007272205216643039,0.0624082333007365,3.4855603972435842,16,'2016-08-30 20:04:47'),(23439,295.2209,0.00038728,'2016-08-30 20:04:47','\0',-0.00000029,0.0166832,0.0166832,16242.94231667,64.8189,179.4106,11.27564793,3.131305682978539,'RADIO ROSTO (RS-15)',0,5.1525767257009285,89257,330.2386,242.94231667,999,1.1313032225209527,-0.0000000000008787247970110339,0.04919929541854577,5.763750887176547,16,'2016-08-30 20:04:47'),(24278,11.198,-0.0000043252000000000005,'2016-08-30 20:04:47','\0',-0.0000004,0.0350761,0.0350761,16243.19022615,98.5829,349.6715,13.53070574,6.102918975387353,'JAS-2 (FO-29)',0,0.19544196963832508,98952,158.7163,243.19022615,999,1.7205961911643182,-0.00000000000121203420277384,0.05903884132037396,2.7701220115830765,16,'2016-08-30 20:04:47'),(24932,186.9229,0,'2016-08-30 20:06:04','',0.00000023,0.00012169999999999999,0.00012169999999999999,16243.00990298,10.2955,173.176,1.00276541,3.0224913854337006,'METEOSAT-7',0,3.2624200523761093,6954,39.9298,243.00990298,999,0.17969037313907624,0.000000000000696919666594958,0.004375389507402718,0.6969064796628319,16,'2016-08-30 20:06:04'),(25338,336.569,0.000041508,'2016-08-30 20:06:05','\0',0.00000054,0.0010107,0.0010107,16243.47162824,98.7848,23.5028,14.25749775,0.41020124343772335,'NOAA 15',0,5.874237210144797,95157,247.776,243.47162824,999,1.7241200109240948,0.000000000001636246173744684,0.062210069708295845,4.324507007421471,16,'2016-08-30 20:06:05'),(25397,107.2587,0.000015667,'2016-08-30 20:04:48','\0',-0.00000007,0.0002318,0.0002318,16243.36104036,98.5718,252.8846,14.23600986,4.413668897588853,'TECHSAT 1B (GO-32)',0,1.8720174664088425,94241,186.3968,243.36104036,999,1.7204024596173468,-0.000000000000212105985485422,0.06211631110084424,3.2532378751813673,16,'2016-08-30 20:04:48'),(25544,261.1984,0.000037819000000000005,'2016-08-30 20:04:48','\0',0.00002044,0.0002838,0.0002838,16243.57724506,51.6452,140.7397,15.54348084,2.456371153269064,'ISS (ZARYA)',0,4.558772080941158,1656,46.8354,243.57724506,999,0.9013787828509757,0.00000000006193494776174323,0.06782122946966349,0.8174319364885524,16,'2016-08-30 20:04:48'),(26931,262.6636,0.000032568000000000004,'2016-08-30 20:04:48','\0',0.00000002,0.000561,0.000561,16242.89415398,67.051,97.3827,14.30421209,1.6996487494818824,'PCSAT (NO-44)',0,4.584344645141378,77861,122.7506,242.89415398,999,1.170260716754718,0.00000000000006060171013869199,0.062413899468519864,2.142402128798552,16,'2016-08-30 20:04:48'),(27509,161.078,0,'2016-08-30 20:06:05','',0.0000012,0.0001214,0.0001214,16243.04963831,4.3293,165.8699,1.00412556,2.894975884953743,'METEOSAT-8 (MSG-1)',0,2.8113414525274267,5137,59.4462,243.04963831,999,0.07556053930659053,0.0000000000036361026083215195,0.004381324281357968,1.0375319177990534,16,'2016-08-30 20:06:05'),(27525,215.6976,0,'2016-08-30 20:06:06','',-0.00000114,0.0013116999999999998,0.0013116999999999998,16242.01569985,5.855,144.4189,1.00273101,2.5205853071084396,'KALPANA-1 (METSAT 1)',0,3.7646333086497217,5115,57.1871,242.01569985,999,0.10218902770426802,-0.000000000003454297477905444,0.004375239409087047,0.9981031846672495,16,'2016-08-30 20:06:06'),(27607,200.5504,0.000033465,'2016-08-30 20:04:49','\0',0.00000088,0.005999,0.005999,16243.19388836,64.5552,159.3185,14.75199312,2.7806323843385865,'SAUDISAT 1C (SO-50)',0,3.5002647961916367,73618,294.7278,243.19388836,999,1.1267007892834437,0.000000000002666475246102448,0.06436771279388773,5.143970507159344,16,'2016-08-30 20:04:49'),(27714,201.308,0,'2016-08-30 20:06:06','',-0.00000291,0.0005501999999999999,0.0005501999999999999,16243.33070193,0.0575,75.5189,1.00272028,1.3180534524843461,'INSAT-3A',0,3.5134874106047453,4907,274.6794,243.33070193,999,0.0010035643198967397,-0.000000000008817548825179685,0.004375192590629861,4.794059917402513,16,'2016-08-30 20:06:06'),(27844,108.027,0.00005750000000000001,'2016-08-30 20:02:38','\0',0.00000083,0.0010858,0.0010858,16242.77328453,98.6933,252.2091,14.21971663,4.401879198491631,'CUTE-1 (CO-55)',0,1.8854268310519147,68290,250.0052,242.77328453,999,1.7225230346585199,0.000000000002514970970755718,0.062045218473523074,4.363413887106929,16,'2016-08-30 20:02:38'),(27848,116.0184,0.000051288,'2016-08-30 20:02:49','\0',0.00000069,0.0010701,0.0010701,16242.69497675,98.703,244.2096,14.21595539,4.262261584978345,'CUBESAT XI-IV (CO-57)',0,2.0249030728957895,68278,250.0554,242.69497675,999,1.7226923315959635,0.0000000000020907589997848738,0.06202880696803364,4.3642900423914295,16,'2016-08-30 20:02:49'),(27939,71.8083,0.000044741000000000004,'2016-08-30 20:05:25','\0',0.00000202,0.0014351,0.0014351,16243.38221638,97.8992,4.0307,14.66441935,0.07034898616013546,'MOZHAYETS 4 (RS-22)',0,1.2532912652598445,69069,32.2401,243.38221638,999,1.7086633750684328,0.000000000006120772724007892,0.06398560013766667,0.5626958961722239,16,'2016-08-30 20:05:25'),(28654,163.0508,0.000059404,'2016-08-30 20:06:06','\0',0.00000063,0.0014593,0.0014593,16243.45067093,99.198,197.1153,14.12301444,3.4403109910563794,'NOAA 18',0,2.845773308010771,58121,252.3148,243.45067093,999,1.7313317113933353,0.000000000001908953869368798,0.06162327557117579,4.403724011510989,16,'2016-08-30 20:06:06'),(28895,350.4896,0.000053307,'2016-08-30 20:02:58','\0',0.0000023,0.0016619,0.0016619,16242.881398,97.8381,9.599,14.63242001,0.16753415489893572,'CUBESAT XI 5',0,6.117197513997919,57765,53.1357,242.881398,999,1.7075969788954644,0.00000000000696919666594958,0.0638459766773004,0.9273929153519511,16,'2016-08-30 20:02:58'),(28912,93.4223,0,'2016-08-30 20:06:07','',0.0000003,0.0000879,0.0000879,16243.07853723,1.6357,213.9505,1.00266062,3.7341406612881287,'METEOSAT-9 (MSG-2)',0,1.630526729785899,3919,69.0469,243.07853723,999,0.02854835057487125,0.0000000000009090256520803799,0.004374932274771926,1.205095743295273,16,'2016-08-30 20:06:07'),(28937,64.3321,0.0001,'2016-08-30 20:06:07','',0,0.0003592,0.0003592,16242.94333091,0.0358,310.7991,1.00264321,5.424467607235109,'MTSAT-2',0,1.1228069597222443,3848,87.9495,242.94333091,999,0.0006248278722139701,0,0.004374856309316234,1.5350083504827532,16,'2016-08-30 20:06:07'),(29047,293.9832,0.000025240000000000002,'2016-08-30 20:06:07','\0',0.00000022,0.0051846,0.0051846,16243.02651899,71.9786,65.5881,14.28526489,1.144728295127293,'FORMOSAT-3 FM6',0,5.130974785548995,54318,61.2529,243.02651899,999,1.2562635609759907,0.000000000000666618811525612,0.062331226712511394,1.0690647813948349,16,'2016-08-30 20:06:07'),(29048,250.2243,0.000043876000000000005,'2016-08-30 20:06:08','\0',0.00000069,0.0045839,0.0045839,16243.20748727,71.9695,132.879,14.28464484,2.3191760567575455,'FORMOSAT-3 FM1',0,4.367237903498048,54570,333.3507,243.20748727,999,1.2561047360140591,0.0000000000020907589997848738,0.06232852123400465,5.818067278827863,16,'2016-08-30 20:06:08'),(29049,287.6483,0.000053667000000000006,'2016-08-30 20:06:08','\0',0.00000094,0.0036756999999999996,0.0036756999999999996,16243.2675234,72.0203,72.0641,14.28497087,1.2577558174864458,'FORMOSAT-3 FM5',0,5.020409922764406,54148,137.042,243.2675234,999,1.2569913632740726,0.0000000000028482803765185237,0.06232994380824471,2.3918341135180694,16,'2016-08-30 20:06:08'),(29050,324.1526,0.00006038300000000001,'2016-08-30 20:06:09','\0',0.00000235,0.0051331,0.0051331,16243.05737463,72.0152,35.6184,14.58349807,0.6216583542923484,'FORMOSAT-3 FM3',0,5.657530148900173,55412,64.7146,243.05737463,999,1.2569023514822206,0.00000000000712070094129631,0.06363251444493462,1.1294828441111227,16,'2016-08-30 20:06:09'),(29051,165.2774,0.00006095600000000001,'2016-08-30 20:06:09','\0',0.00000116,0.0067915,0.0067915,16242.87350425,72.0059,195.0362,14.28516657,3.4040238505781653,'FORMOSAT-3 FM4',0,2.8846348091356764,54401,42.4253,242.87350425,999,1.256740035861785,0.0000000000035148991880441356,0.06233079771058125,0.7404611711463505,16,'2016-08-30 20:06:09'),(29052,252.8777,0.000034143,'2016-08-30 20:06:09','\0',0.00000045,0.0041743,0.0041743,16242.895351,72.0339,106.7787,14.28606449,1.8636398859992696,'FORMOSAT-3 FM2',0,4.413548469870466,54151,112.4832,242.895351,999,1.2572287280523438,0.0000000000013635384781205698,0.06233471562568613,1.963202193179286,16,'2016-08-30 20:06:09'),(29155,241.2432,0,'2016-08-30 20:06:10','',-0.00000284,0.0002636,0.0002636,16243.26564288,0.0377,248.4646,1.00273186,4.3365253446507035,'GOES 13',0,4.210488138047185,3764,230.3086,243.26564288,999,0.0006579891280018624,-0.000000000008605442839694263,0.0043752431179117065,4.019643365658614,16,'2016-08-30 20:06:10'),(29499,4.2394,0.000026020000000000005,'2016-08-30 20:06:10','\0',0.00000013,0.0000299,0.0000299,16242.96866209,98.6891,121.4453,14.21502225,2.11962034607227,'METOP-A',0,0.07399148830904761,51158,300.8185,242.96866209,999,1.7224497308299362,0.00000000000039391111590149797,0.06202473537668813,5.250273275910563,16,'2016-08-30 20:06:10'),(29640,223.8304,0.0001,'2016-08-30 20:06:10','',-0.00000392,0.0002196,0.0002196,16242.9050355,3.9116,138.0322,1.00263203,2.409116363771317,'FENGYUN 2D',0,3.9065774460559166,3568,65.8778,242.9050355,999,0.06827029902101021,-0.00000000001187793518718363,0.00437480752736364,1.1497845139703204,16,'2016-08-30 20:06:10'),(32785,57.3963,0.000055674,'2016-08-30 20:03:08','\0',0.00000455,0.0014516,0.0014516,16242.8225917,97.5978,302.8653,14.87638701,5.285996675040383,'CUTE-1.7+APD II (CO-65)',0,1.0017544134624214,45150,273.9563,242.8225917,999,1.7034029527029222,0.000000000013786889056552428,0.06491048353135365,4.781439441581342,16,'2016-08-30 20:03:08'),(32787,34.9728,0.00006558200000000001,'2016-08-30 20:03:15','\0',0.00000614,0.0013530999999999999,0.0013530999999999999,16243.36175809,97.5972,325.2377,14.921387,5.676468716613563,'COMPASS-1',0,0.610390508641473,45212,281.4538,243.36175809,999,1.7033924807274101,0.00000000001860472501257844,0.06510683302856977,4.912295502249617,16,'2016-08-30 20:03:15'),(32788,30.6536,0.00008580700000000001,'2016-08-30 20:03:15','\0',0.00000846,0.001281,0.001281,16243.08613946,97.5975,329.543,14.93355767,5.7516103768996745,'AAUSAT-II',0,0.5350062475893339,45222,283.4983,243.08613946,999,1.7033977167151662,0.000000000025634523388666714,0.06515993759448821,4.947978758806641,16,'2016-08-30 20:03:15'),(32789,19.7418,0.00014105,'2016-08-30 20:03:16','\0',0.00001869,0.0013637999999999999,0.0013637999999999999,16242.87488392,97.5998,340.4333,15.03572569,5.941681968429613,'DELFI-C3 (DO-64)',0,0.34455941027021664,45297,300.801,242.87488392,999,1.703437859287962,0.00000000005663229812460767,0.06560572967929906,5.249967843291464,16,'2016-08-30 20:03:16'),(32790,58.6337,0.000048388000000000005,'2016-08-30 20:03:16','\0',0.00000386,0.0015228,0.0015228,16242.7513612,97.5941,301.6367,14.87393515,5.264553559850381,'CANX-2',0,1.0233511176265995,45143,272.4854,242.7513612,999,1.7033383755205982,0.000000000011696130056767557,0.06489978527390415,4.755767393613758,16,'2016-08-30 20:03:16'),(32791,45.8567,0.000072009,'2016-08-30 20:03:17','\0',0.0000064,0.0014624,0.0014624,16243.0691183,97.598,314.3851,14.8986671,5.487055114211627,'SEEDS II (CO-66)',0,0.8003503990992838,45179,277.6055,243.0691183,999,1.703406443361426,0.00000000001939254724438144,0.06500769876338881,4.845129996645119,16,'2016-08-30 20:03:17'),(32953,198.4645,0.00016358,'2016-08-30 20:05:44','\0',0.00000033,0.0018739,0.0018739,16243.24969881,82.5,161.5757,12.43071177,2.8200279562146027,'YUBILEINY (RS-30)',0,3.4638589733242866,37527,60.5866,243.24969881,999,1.4398966328953222,0.000000000000999928217288418,0.054239212188228025,1.0574356525887967,16,'2016-08-30 20:05:44'),(32958,48.4428,0.000022777000000000002,'2016-08-30 20:06:10','\0',0.00000007,0.0010607,0.0010607,16243.34316408,98.446,311.7658,14.19628664,5.441339705114139,'FENGYUN 3A',0,0.8454863588851093,42807,280.0218,243.34316408,999,1.718206835418338,0.000000000000212105985485422,0.06194298585622073,4.887302387361058,16,'2016-08-30 20:06:10'),(33463,194.3126,0,'2016-08-30 20:06:10','',-0.0000023,0.00043299999999999995,0.00043299999999999995,16242.85887368,1.6364,115.7708,1.00268056,2.0205816376678514,'FENGYUN 2E',0,3.3913946481107344,2820,63.8858,242.85887368,999,0.028560567879635217,-0.00000000000696919666594958,0.004375019279435138,1.1150175552705937,16,'2016-08-30 20:06:10'),(33493,327.1985,0.00005757800000000001,'2016-08-30 20:05:44','\0',0.00000568,0.0015186,0.0015186,16243.29599555,98.2066,32.8287,14.95081158,0.5729689041494626,'PRISM (HITOMI)',0,5.710691132586668,41230,106.8481,243.29599555,999,1.7140285171890635,0.000000000017210885679388525,0.0652352219790739,1.8648511445001537,16,'2016-08-30 20:05:44'),(33499,215.5012,0.000043711,'2016-08-30 20:05:45','\0',0.0000024,0.0008439,0.0008439,16242.87555262,98.298,144.5635,14.75033524,2.523109053206823,'KKS-1 (KISEKI)',0,3.7612054819988052,40841,34.3404,242.87555262,999,1.7156237481253864,0.000000000007272205216643039,0.064360478927737,0.5993530464518609,16,'2016-08-30 20:05:45'),(33591,14.4202,0.00007118300000000001,'2016-08-30 20:06:10','\0',0.00000085,0.0014368999999999999,0.0014368999999999999,16243.4157543,99.0471,345.7376,14.12101381,6.034259467943148,'NOAA 19',0,0.25167996879608634,38961,200.8242,243.4157543,999,1.7286980095520759,0.00000000000257557268089441,0.061614546176022245,3.505043507683597,16,'2016-08-30 20:06:10'),(35491,292.1699,0,'2016-08-30 20:06:10','',-0.00000124,0.0007835,0.0007835,16243.34913752,0.3678,157.2551,1.00272403,2.7446192605529354,'GOES 14',0,5.0993267302225815,2628,270.5284,243.34913752,999,0.006419320988835146,-0.000000000003757306028598904,0.004375208953091599,4.721611300152229,16,'2016-08-30 20:06:10'),(35865,282.3074,0.000024034000000000004,'2016-08-30 20:06:10','\0',0.00000011,0.00011889999999999999,0.00011889999999999999,16243.1737944,98.4514,77.7971,14.22077287,1.3578155435032808,'METEOR-M 1',0,4.927193632744641,36073,271.4464,243.1737944,999,1.7183010831979457,0.000000000000333309405762806,0.06204982718994588,4.737633422685536,16,'2016-08-30 20:06:10'),(35932,71.2572,0.00005858100000000001,'2016-08-30 20:03:18','\0',0.0000021,0.0008816999999999999,0.0008816999999999999,16242.81401529,98.4577,288.9581,14.5586032,5.043270245307028,'SWISSCUBE',0,1.2436727557521037,36792,10.8164,242.81401529,999,1.7184110389408214,0.000000000006363179564562659,0.06352389008284563,0.18878179321271468,16,'2016-08-30 20:03:18'),(35933,82.9162,0.00005605300000000001,'2016-08-30 20:03:18','\0',0.00000199,0.0007113,0.0007113,16242.89458611,98.4606,277.2843,14.55997997,4.839523999087713,'BEESAT',0,1.4471606932421226,36795,12.034,242.89458611,999,1.7184616534891293,0.000000000006029870158799854,0.0635298973752313,0.21003292218499767,16,'2016-08-30 20:03:18'),(35935,75.2391,0.000051580000000000004,'2016-08-30 20:03:19','\0',0.00000176,0.0009377999999999999,0.0009377999999999999,16242.92897152,98.4715,284.9844,14.55205138,4.973916096820529,'ITUPSAT 1',0,1.3131700212372657,36784,12.3185,242.92897152,999,1.7186518943775966,0.000000000005332950492204896,0.06349530237509612,0.21499838390692153,16,'2016-08-30 20:03:19'),(36122,181.0342,-0.000016411,'2016-08-30 20:05:46','\0',-0.00000049,0.0007509999999999999,0.0007509999999999999,16243.16370377,100.1372,179.0757,13.16335574,3.1254605753136104,'XIWANG-1 (HOPE-1)',0,3.159642848713919,32234,276.0081,243.16370377,999,1.7477238437280662,-0.0000000000014847418983979538,0.05743597456857366,4.817250107173762,16,'2016-08-30 20:05:46'),(36411,259.8233,0,'2016-08-30 20:06:10','',0.00000057,0.0002746,0.0002746,16242.43660607,0.3843,187.5266,1.00265102,3.272956605070399,'GOES 15',0,4.534772058396984,2380,272.6419,242.43660607,999,0.00670730031541421,0.000000000001727148738952722,0.004374890386869878,4.758498833893129,16,'2016-08-30 20:06:10'),(36744,114.7207,0.0001,'2016-08-30 20:06:10','',0,0.000159,0.000159,16243.00007272,0.0362,258.0093,1.00265286,4.503111785765807,'COMS 1',0,2.002253935192659,2278,94.0834,243.00007272,999,0.0006318091892219475,0,0.004374898415384438,1.6420651014708334,16,'2016-08-30 20:06:10'),(36799,196.5917,0.00009479700000000001,'2016-08-30 20:03:19','\0',0.00000855,0.0012213,0.0012213,16243.2648558,98.0363,163.4902,14.8993133,2.8534422847440335,'TISAT 1',0,3.431172447092937,33245,354.7154,243.2648558,999,1.7110562214729172,0.000000000025907231084290827,0.0650105183427954,6.190951637528695,16,'2016-08-30 20:03:19'),(37214,247.3472,0.000027798,'2016-08-30 20:06:10','\0',0.0000001,0.0015924,0.0015924,16243.30786029,98.8501,112.6019,14.15822763,1.9652738990014034,'FENGYUN 3B',0,4.317023035588919,30138,197.3644,243.30786029,999,1.7252597109256471,0.00000000000030300855069346,0.06177692209758338,3.444658606223097,16,'2016-08-30 20:06:10'),(37344,82.8734,0,'2016-08-30 20:06:10','',-0.00000172,0.0010247,0.0010247,16242.91881311,1.8516,134.2881,1.00066404,2.3437694912473974,'ELEKTRO-L 1 (GOMS 2)',0,1.446413692322269,2058,79.093,242.91881311,999,0.032316516429927014,-0.000000000005211747071927512,0.0043662205510770595,1.3804332652798754,16,'2016-08-30 20:06:10'),(37839,212.1474,0.000021695,'2016-08-30 20:05:47','\0',0.00000307,0.0018909999999999999,0.0018909999999999999,16242.83869637,19.962,280.9497,14.12550217,4.903497297490314,'JUGNU',0,3.7026706295454193,25245,57.0124,242.83869637,999,0.3484026252831081,0.00000000000930236250628922,0.061634130341025946,0.9950540944640154,16,'2016-08-30 20:05:47'),(37841,121.7015,0.000028514000000000002,'2016-08-30 20:05:47','\0',0.00000316,0.0011884,0.0011884,16242.90855891,19.972,2.2027,14.10548618,0.03844436743367911,'SRMSAT',0,2.124091879615879,25201,92.2851,242.90855891,999,0.3485771582083076,0.000000000009575070201913335,0.06154679410888938,1.6106788455322194,16,'2016-08-30 20:05:47'),(37849,75.5553,0.000012828,'2016-08-30 20:06:10','\0',-0.00000017,0.0000429,0.0000429,16242.90975927,98.7242,324.6269,14.19560044,5.665808245542381,'SUOMI NPP',0,1.318688752332072,25077,179.9735,242.90975927,999,1.7230623413973862,-0.0000000000005151145361788819,0.06193999174388893,3.1411301413380155,16,'2016-08-30 20:06:10'),(37854,228.4246,0.00013736,'2016-08-30 20:06:12','\0',0.00002362,0.0172344,0.0172344,16238.76390988,101.6995,130.2082,15.02497995,2.272561803095281,'AO-71',0,3.98676136255104,26254,316.4814,238.76390988,999,1.7749911226319735,0.00000000007157061967379525,0.06555884254340824,5.523642451321184,16,'2016-08-30 20:06:12'),(37855,221.5911,0.00018421,'2016-08-30 20:03:20','\0',0.00003294,0.018579599999999998,0.018579599999999998,16242.69810424,101.7123,137.1041,15.01446183,2.392917962983558,'M-CUBED & EXP-1 PRIME',0,3.8674942881160077,26255,320.4187,242.69810424,999,1.7752145247762288,0.00000000009981101659842572,0.06551294858712828,5.592361299959956,16,'2016-08-30 20:03:20'),(38049,202.056,0,'2016-08-30 20:06:10','',-0.0000039,0.0002723,0.0002723,16242.89896329,1.1259,135.6552,1.00275881,2.3676298874514123,'FENGYUN 2F',0,3.5265424734096635,1700,76.5164,242.89896329,999,0.01965066204820416,-0.00000000001181733347704494,0.00437536070947006,1.3354631117729896,16,'2016-08-30 20:06:10'),(38078,1.98,0.0005368500000000001,'2016-08-30 20:06:11','\0',0.00041389,0.0371224,0.0371224,16238.26003465,69.445,358.2765,15.06523477,6.253104557521465,'ALMASAT-1',0.0000038052000000000004,0.03455751918948773,23997,200.0506,238.26003465,999,1.2120438990474622,0.0000000012541220904651615,0.06573448733060766,3.491541640590169,16,'2016-08-30 20:06:11'),(38340,132.5604,0.00006600200000000001,'2016-08-30 20:03:20','\0',0.0000039,0.0012634999999999999,0.0012634999999999999,16243.17906869,98.3608,227.6673,14.75095869,3.9735439841256874,'HORYU 2',0,2.3136154377606917,23038,231.1328,243.17906869,999,1.7167198148956389,0.00000000001181733347704494,0.06436319924154238,4.034028369353551,16,'2016-08-30 20:03:20'),(38552,201.0882,0,'2016-08-30 20:06:10','',-0.00000035,0.00022099999999999998,0.00022099999999999998,16243.05877003,0.5223,140.8724,1.00276086,2.4586872051864606,'METEOSAT-10 (MSG-3)',0,3.509651176908862,1534,18.0129,243.05877003,999,0.009115854683166384,-0.00000000000106052992742711,0.004375369654282477,0.31438441283248664,16,'2016-08-30 20:06:10'),(38735,315.8796,0.000028219,'2016-08-30 20:06:12','\0',0.00000014,0.0016442,0.0016442,16238.79198505,82.4786,44.0971,12.42572678,0.7696395855811916,'RS-40',0,5.513139059882681,18500,148.3821,238.79198505,999,1.4395231324353954,0.000000000000424211970970844,0.054217461066058265,2.5897561960234787,16,'2016-08-30 20:06:12'),(38771,49.4996,0.000026691000000000002,'2016-08-30 20:06:10','\0',0.00000014,0.00014869999999999998,0.00014869999999999998,16242.92819633,98.723,36.445,14.21479923,0.6360852458893336,'METOP-B',0,0.8639309984201854,20490,301.3027,242.92819633,999,1.7230413974463623,0.000000000000424211970970844,0.06202376226836368,5.25872416014872,16,'2016-08-30 20:06:10'),(39090,84.8601,0.000037901,'2016-08-30 20:03:21','\0',0.00000064,0.0010406999999999999,0.0010406999999999999,16242.62392786,98.5785,275.3771,14.34913936,4.806237079593678,'STRAND-1',0,1.4810881485716403,18364,84.3778,242.62392786,999,1.7205193966772305,0.0000000000019392547244381438,0.06260993166487798,1.4726704255892715,16,'2016-08-30 20:03:21'),(39091,90.7752,0.000032482000000000005,'2016-08-30 20:03:22','\0',0.00000049,0.0011709,0.0011709,16243.13992176,98.5741,269.4775,14.34989022,4.7032696350430205,'BRITE-AUSTRIA',0,1.584326119156357,18375,84.3809,243.13992176,999,1.7204426021901427,0.0000000000014847418983979538,0.06261320790968336,1.4727245307960835,16,'2016-08-30 20:03:22'),(39092,86.007,0.000022925,'2016-08-30 20:03:22','\0',0.00000021,0.0010576,0.0010576,16242.62551315,98.5747,274.2324,14.34862036,4.786258295646099,'UNIBRITE',0,1.5011053297627635,18365,83.5976,242.62551315,999,1.7204530741656547,0.0000000000006363179564562659,0.06260766710017351,1.459053366765212,16,'2016-08-30 20:03:22'),(39133,326.449,0.000038666000000000006,'2016-08-30 20:03:23','\0',0.00000363,0.0015038999999999999,0.0015038999999999999,16243.35370558,64.8735,33.5675,15.03978575,0.5858633966631968,'AIST-2',0,5.69760988984297,18456,124.4661,243.35370558,999,1.1322561722925417,0.000000000010999210390172597,0.0656234450330062,2.1723432521165145,16,'2016-08-30 20:03:23'),(39134,303.6011,0.00011818000000000001,'2016-08-30 20:03:24','\0',0.0000211,0.0012939,0.0012939,16242.72841175,64.8685,56.3879,15.16308031,0.9841545132853108,'SOMP',0,5.298838807676557,18488,86.1847,242.72841175,999,1.1321689058299418,0.00000000006393480419632006,0.06616141903845561,1.5042067798435574,16,'2016-08-30 20:03:24'),(39136,306.1416,0.00011229000000000001,'2016-08-30 20:03:24','\0',0.00001856,0.0013036,0.0013036,16242.71922383,64.87,53.8501,15.13907037,0.9398615475281986,'BEESAT-2',0,5.343178897323473,18474,93.1208,242.71922383,999,1.132195085768722,0.00000000005623838700870617,0.06605665591190404,1.625264562091136,16,'2016-08-30 20:03:24'),(39151,271.6775,0.000049994,'2016-08-30 20:03:25','\0',0.00000321,0.0015802,0.0015802,16243.17666688,97.9961,88.2626,14.79514824,1.5404729763707474,'NEE-01 PEGASUS',0,4.741666878586896,18051,330.4042,243.17666688,999,1.7103545991136155,0.000000000009726574477260067,0.06455601252716105,5.76664115241785,16,'2016-08-30 20:03:25'),(39153,269.9889,0.00005159400000000001,'2016-08-30 20:03:25','\0',0.00000337,0.0015712999999999999,0.0015712999999999999,16243.32221891,97.9974,89.9522,14.79941173,1.5699620594124437,'CUBEBUG-1 (CAPITAN BETO)',0,4.71219524883772,18056,331.0639,243.32221891,999,1.7103772883938915,0.0000000000102113881583696,0.06457461551169251,5.778155089493256,16,'2016-08-30 20:03:25'),(39161,1.9523,0.000040603000000000004,'2016-08-30 20:03:27','\0',0.00000203,0.0009523,0.0009523,16243.22619123,98.0467,358.172,14.71713976,6.251280688453131,'ESTCUBE 1',0,0.0340740629866853,17795,326.7698,243.22619123,999,1.7112377357151247,0.0000000000061510735790772375,0.06421563632204201,5.7032089060833675,16,'2016-08-30 20:03:27'),(39260,88.1015,0.000013156,'2016-08-30 20:06:10','\0',-0.00000016,0.0001605,0.0001605,16243.31937112,98.6855,272.0352,14.1962359,4.747909921321279,'FENGYUN 3C',0,1.5376612509457845,15211,313.187,243.31937112,999,1.7223868989768645,-0.0000000000004848136811095359,0.06194276446120512,5.466144324443482,16,'2016-08-30 20:06:10'),(39268,350.9284,0.00017218000000000002,'2016-08-30 20:03:27','\0',0.0000584,0.06654159999999999,0.06654159999999999,16243.19005018,81.0071,8.0327,14.27493126,0.14019706282494854,'POPACS 1',0,6.12485601875567,15062,311.03,243.19005018,999,1.4138406124922986,0.00000000017695699360498063,0.062286137745715675,5.428497572477964,16,'2016-08-30 20:03:27'),(39269,18.1543,0.00012793,'2016-08-30 20:03:28','\0',0.00004297,0.07105539999999999,0.07105539999999999,16242.66844451,81.0204,344.3652,14.17680435,6.010306569288779,'POPACS 2',0,0.3168523083948066,14874,321.2293,242.66844451,999,1.414072741282814,0.00000000013020277423297975,0.06185797832963864,5.6065089388766225,16,'2016-08-30 20:03:28'),(39270,34.5899,0.00011578,'2016-08-30 20:03:29','\0',0.00003662,0.07323879999999999,0.07323879999999999,16242.68776604,81.0232,330.0728,14.11698089,5.76085713127674,'POPACS 3',0,0.6037076429355868,12892,326.3285,242.68776604,999,1.41412161050187,0.00000000011096173126394504,0.06159694924290486,5.695506768094317,16,'2016-08-30 20:03:29'),(39381,157.0109,0.00042202000000000006,'2016-08-30 20:03:29','\0',0.00052082,0.0005342,0.0005342,16243.16273722,40.4907,203.0957,15.69847307,3.544688661642648,'PHONESAT 2.4',0,2.740357166519565,15648,287.0822,243.16273722,999,0.7066960314372681,0.0000000015781291337216782,0.06849751065179056,5.010529613868866,16,'2016-08-30 20:03:29'),(39404,174.6475,0.00021438000000000002,'2016-08-30 20:03:30','\0',0.00016334,0.0002669,0.0002669,16242.6411013,40.5062,185.4376,15.58088057,3.2364966769962376,'FIREFLY',0,3.0481739053767973,15553,318.9968,242.6411013,999,0.7069665574713273,0.0000000004949341667026975,0.0679844165766277,5.567544463325849,16,'2016-08-30 20:03:30'),(39417,140.4867,0.000066486,'2016-08-30 20:03:31','\0',0.00000472,0.0060668,0.0060668,16243.085983,97.6731,220.0793,14.8046146,3.841108400484357,'ZACUBE-1 (TSHEPISOSAT)',0,2.4519554702615185,14970,292.7753,243.085983,999,1.704717185629674,0.00000000001430200359273131,0.06459731731470583,5.109892953514156,16,'2016-08-30 20:03:31'),(39423,267.9863,0.000037714000000000005,'2016-08-30 20:03:31','\0',0.00000139,0.0174599,0.0174599,16243.27710142,97.6708,90.1345,14.52730984,1.5731437946388294,'WNISAT-1',0,4.677243285237282,14699,250.0621,243.27710142,999,1.704677043056878,0.000000000004211818854639094,0.06338734704134265,4.364406979451313,16,'2016-08-30 20:03:31'),(39427,199.7246,0.00005406000000000001,'2016-08-30 20:03:32','\0',0.00000285,0.0114209,0.0114209,16243.21969924,97.6628,159.9525,14.67243658,2.79169777179623,'TRITON-1',0,3.4858518672286674,14837,271.7792,243.21969924,999,1.7045374167167184,0.000000000008635743694763608,0.06402058190276409,4.743441878436174,16,'2016-08-30 20:03:32'),(39430,241.2852,0.000052980000000000004,'2016-08-30 20:03:33','\0',0.00000238,0.0150897,0.0150897,16243.34112967,97.6676,117.3117,14.58655745,2.0474754161118325,'GOMX 1',0,4.211221176333023,14753,258.6423,243.34112967,999,1.7046211925208141,0.0000000000072116035065043474,0.06364586350845204,4.51415971993093,16,'2016-08-30 20:03:33'),(39431,297.7266,0.000039170000000000006,'2016-08-30 20:03:33','\0',0.00000133,0.020159299999999998,0.020159299999999998,16242.95766716,97.681,60.3608,14.46749597,1.0534946991377934,'BRITE-PL',0,5.196309440768151,14614,241.077,242.95766716,999,1.7048550666405813,0.0000000000040300137242230175,0.06312635979887768,4.207587400830371,16,'2016-08-30 20:03:33'),(39433,104.7518,0.00008379000000000001,'2016-08-30 20:03:34','\0',0.0000078,0.003307,0.003307,16242.76822745,97.6922,255.7369,14.90946633,4.463450923843487,'HUMSAT-D',0,1.8282638073905966,15058,307.925,242.76822745,999,1.7050505435168049,0.00000000002363466695408988,0.06505481929343386,5.37430509920354,16,'2016-08-30 20:03:34'),(39436,34.86,0.0005474900000000001,'2016-08-30 20:03:35','\0',0.00013308,0.0014964,0.0014964,16242.68737791,97.7148,325.3613,15.24178025,5.6786259435690285,'EAGLE 2',0,0.6084217772452234,15091,331.4552,242.68737791,999,1.7054449879277553,0.00000000040324377926285653,0.06650481230698611,5.78498456285631,16,'2016-08-30 20:03:35'),(39440,164.5882,0.000062545,'2016-08-30 20:03:35','\0',0.00000395,0.0081557,0.0081557,16242.6777488,97.6673,195.784,14.75218475,3.4170754227245785,'CUBEBUG-2 (LO-74)',0,2.8726059999309315,14791,283.9622,242.6777488,999,1.704615956533058,0.00000000001196883775239167,0.06436854893749913,4.956075341206643,16,'2016-08-30 20:03:35'),(39441,167.2205,0.000047742000000000005,'2016-08-30 20:03:36','\0',0.00000284,0.0082754,0.0082754,16242.59393608,97.6652,193.1128,14.74447283,3.370454187745306,'NEE-02 KRYSAOR',0,2.918548301831178,14901,283.0172,242.59393608,999,1.7045793046187663,0.000000000008605442839694263,0.06433489933858653,4.939581979775297,16,'2016-08-30 20:03:36'),(39444,139.0265,0.000079763,'2016-08-30 20:03:36','\0',0.00000587,0.0059907,0.0059907,16242.86726318,97.6743,221.5473,14.8114424,3.866729833903634,'FUNCUBE-1 (AO-73)',0,2.426470172523897,14789,293.2593,242.86726318,999,1.7047381295806978,0.0000000000177866019257061,0.06462710921237275,5.118340347093808,16,'2016-08-30 20:03:36'),(39446,152.0501,0.000067433,'2016-08-30 20:03:49','\0',0.00000453,0.007153199999999999,0.007153199999999999,16243.07953223,97.6693,208.4582,14.77745918,3.638281942780844,'UWE-3',0,2.6537748729866304,14820,288.3539,243.07953223,999,1.704650863118098,0.000000000013726287346413737,0.06447882944251535,5.032724965966478,16,'2016-08-30 20:03:49'),(39770,193.3377,0.00012005,'2016-08-30 20:05:52','\0',0.00000984,0.0008992,0.0008992,16243.05635787,97.8728,166.7543,14.85555949,2.910411576858381,'SPROUT',0,3.3743794332330417,12290,339.4654,243.05635787,999,1.7082026081459065,0.00000000002981604138823647,0.0648196063315974,5.92478892659956,16,'2016-08-30 20:05:52'),(40012,147.763,0.00005253500000000001,'2016-08-30 20:05:52','\0',0.00000299,0.005951199999999999,0.005951199999999999,16243.2945308,97.8913,212.7239,14.7339803,3.712732452683166,'UNISAT-6',0,2.5789508626243816,11810,129.5348,243.2945308,999,1.7085254940575254,0.000000000009059955665734454,0.06428911703974546,2.260808755912351,16,'2016-08-30 20:05:52'),(40020,171.2377,0.000030227000000000004,'2016-08-30 20:03:49','\0',0.00000126,0.008787399999999999,0.008787399999999999,16243.2064184,97.8761,189.0387,14.66291446,3.2993477286898054,'BRITE-TORONTO',0,2.9886616685422944,11745,120.3237,243.2064184,999,1.7082602040112222,0.000000000003817907738737596,0.06397903381632158,2.1000447331819014,16,'2016-08-30 20:03:49'),(40021,172.2981,0.00007366600000000001,'2016-08-30 20:03:50','\0',0.00000644,0.0013166,0.0013166,16243.31971857,97.925,187.8441,14.89420902,3.278498025445481,'DUCHIFAT-1',0,3.0071691399304425,11929,149.999,243.31971857,999,1.7091136700154475,0.000000000019513750664658824,0.06498824671980949,2.6179764246989747,16,'2016-08-30 20:03:50'),(40023,177.8669,0.00008341400000000001,'2016-08-30 20:03:50','\0',0.00000712,0.0012795999999999999,0.0012795999999999999,16243.30918559,97.9281,182.2609,14.88082418,3.1810528026481335,'FLOCK 1C-10',0,3.1043630353155027,11923,149.4628,243.30918559,999,1.7091677752222594,0.00000000002157420880937435,0.06492984433784633,2.608617969249781,16,'2016-08-30 20:03:50'),(40024,172.3116,0.000065873,'2016-08-30 20:03:50','\0',0.00000561,0.0012429,0.0012429,16243.26316208,97.9222,187.8294,14.8881522,3.278241462045438,'NANOSATC-BR1',0,3.0074047593794617,11925,149.2477,243.26316208,999,1.7090648007963918,0.000000000016998779693903103,0.06496181885700933,2.6048637660287417,16,'2016-08-30 20:03:50'),(40025,174.5704,0.00005677500000000001,'2016-08-30 20:03:50','\0',0.00000467,0.0012588999999999999,0.0012588999999999999,16243.22798027,97.9215,185.5651,14.88091427,3.2387219717925304,'QB50P1',0,3.0468282565235096,11921,148.647,243.22798027,999,1.7090525834916277,0.000000000014150499317384582,0.0649302374296271,2.5943795732120116,16,'2016-08-30 20:03:50'),(40026,174.5304,0.0001188,'2016-08-30 20:03:50','\0',0.00001056,0.0011129,0.0011129,16243.33294774,97.9289,185.6017,14.88789151,3.23936076229876,'FLOCK 1C-7',0,3.0461301248227115,11926,149.8391,243.33294774,999,1.7091817378562753,0.00000000003199770295322938,0.06496068138230256,2.615185643225036,16,'2016-08-30 20:03:50'),(40027,175.4027,0.00007441500000000001,'2016-08-30 20:03:50','\0',0.00000631,0.0012571,0.0012571,16243.29576462,97.9281,184.7299,14.88211246,3.2241449818798733,'FLOCK 1C-1',0,3.0613546318878586,11924,149.5846,243.29576462,999,1.7091677752222594,0.000000000019119839548757323,0.06493546551976823,2.6107437802787103,16,'2016-08-30 20:03:50'),(40028,172.6533,0.000028325,'2016-08-30 20:03:50','\0',0.00000204,0.0013903,0.0013903,16243.30243638,97.9249,187.4906,14.87970717,3.272328286539681,'POPSAT-HIP-1',0,3.0133685494335265,11921,148.9108,243.30243638,999,1.7091119246861954,0.000000000006181374434146584,0.06492497046227691,2.5989837517787726,16,'2016-08-30 20:03:50'),(40029,171.2,0.00010984,'2016-08-30 20:03:50','\0',0.00000957,0.0014129,0.0014129,16243.32207971,97.9292,188.9453,14.88163741,3.2977175911684427,'FLOCK 1C-2',0,2.988003679414293,11923,149.5031,243.32207971,999,1.7091869738440313,0.000000000028997918301364118,0.06493339272311532,2.609321336938335,16,'2016-08-30 20:03:50'),(40030,182.9467,0.000043238,'2016-08-30 20:06:11','\0',0.00000338,0.0011809,0.0011809,16238.72135316,97.9196,177.1682,14.87720195,3.0921684198318187,'DTUSAT-2',0,3.1930222706583105,11851,143.5368,238.72135316,999,1.70901942223584,0.000000000010241689013438947,0.0649140393779052,2.505189757776597,16,'2016-08-30 20:06:11'),(40031,169.7768,0.00010159000000000001,'2016-08-30 20:03:51','\0',0.0000088,0.0014501,0.0014501,16243.32112032,97.9299,190.3732,14.88125946,3.3226391475576698,'FLOCK 1C-4',0,2.9631641534999096,11922,149.5221,243.32112032,999,1.7091991911487954,0.00000000002666475246102448,0.06493174360513836,2.6096529494962137,16,'2016-08-30 20:03:51'),(40032,168.1196,0.00005663700000000001,'2016-08-30 20:03:51','\0',0.0000046,0.0012155,0.0012155,16243.32431909,97.9199,192.0309,14.87658648,3.3515714705679795,'QB50P2',0,2.934240557135859,11919,148.1405,243.32431909,999,1.7090246582235957,0.00000000001393839333189916,0.06491135388341839,2.5855394805506604,16,'2016-08-30 20:03:51'),(40033,163.7834,0.00014318,'2016-08-30 20:03:51','\0',0.00001308,0.0012507,0.0012507,16243.39752444,97.9297,196.3766,14.89494666,3.427418243871897,'FLOCK 1C-11',0,2.858559590110881,11929,150.28,243.39752444,999,1.7091957004902911,0.00000000003963351843070457,0.06499146528148309,2.622880799897079,16,'2016-08-30 20:03:51'),(40034,146.251,0.000046467,'2016-08-30 20:03:51','\0',0.00000259,0.005986399999999999,0.005986399999999999,16243.38836363,97.893,214.2518,14.73448251,3.7393993383243878,'ANTELSAT',0,2.5525614843342277,11810,129.7196,243.38836363,999,1.7085551646548094,0.000000000007847921462960614,0.06429130834425457,2.264034124370037,16,'2016-08-30 20:03:51'),(40035,163.4091,0.00010924,'2016-08-30 20:03:51','\0',0.00000952,0.0012006999999999999,0.0012006999999999999,16243.32034892,97.9317,196.7502,14.88205902,3.4339387939573482,'FLOCK 1C-9',0,2.8520268227206667,11923,149.7394,243.32034892,999,1.7092306070753314,0.00000000002884641402601739,0.06493523234378015,2.6134455499607974,16,'2016-08-30 20:03:51'),(40036,164.4847,0.00006992100000000001,'2016-08-30 20:03:51','\0',0.00000591,0.0012041999999999999,0.0012041999999999999,16243.29440793,97.9326,195.6738,14.88304861,3.415152069888881,'FLOCK 1C-6',0,2.8707995841551175,11924,149.8421,243.29440793,999,1.709246315038599,0.000000000017907805345983486,0.06493955024471636,2.6152380031025957,16,'2016-08-30 20:03:51'),(40037,172.3601,0.000027951000000000004,'2016-08-30 20:03:51','\0',0.0000019,0.001457,0.001457,16243.33408253,97.9238,187.7839,14.86077575,3.27744733723578,'PERSEUS-M2',0,3.008251244066679,11911,147.3525,243.33408253,999,1.7090927260644235,0.00000000000575716246317574,0.06484236655950743,2.571786286044945,16,'2016-08-30 20:03:51'),(40038,164.7591,0.00006891200000000001,'2016-08-30 20:03:51','\0',0.00000582,0.0014295,0.0014295,16243.30357153,97.9326,195.4057,14.88336676,3.410472842164284,'FLOCK 1C-5',0,2.87558876762259,11923,149.7144,243.30357153,999,1.709246315038599,0.00000000001763509765035937,0.06494093843597017,2.6130092176477993,16,'2016-08-30 20:03:51'),(40039,167.7896,0.000028884000000000003,'2016-08-30 20:03:52','\0',0.00000196,0.0014535,0.0014535,16243.32790533,97.925,192.3674,14.85704174,3.3574445035009406,'PERSEUS-M1',0,2.9284809706042783,11909,147.0445,243.32790533,999,1.7091136700154475,0.000000000005938967593591815,0.06482607386730682,2.5664106719488022,16,'2016-08-30 20:03:52'),(40040,155.496,0.00012240000000000002,'2016-08-30 20:03:52','\0',0.0000113,0.0013315999999999998,0.0013315999999999998,16243.32895748,97.9313,204.6873,14.9018802,3.5724673220173897,'FLOCK 1C-8',0,2.713917173681103,11930,150.8816,243.32895748,999,1.709223625758323,0.000000000034239966228360976,0.06502171855693778,2.6333807006770766,16,'2016-08-30 20:03:52'),(40041,161.3374,0.0001067,'2016-08-30 20:03:52','\0',0.00000924,0.0013231,0.0013231,16243.33859088,97.9326,198.8297,14.88004161,3.47023291575257,'FLOCK 1C-3',0,2.8158688366071,11922,149.6332,243.33859088,999,1.709246315038599,0.0000000000279979900840757,0.06492642973206449,2.6115920102951793,16,'2016-08-30 20:03:52'),(40042,162.7284,0.00006487700000000001,'2016-08-30 20:03:52','\0',0.00000535,0.0015203999999999999,0.0015203999999999999,16243.32606317,97.9288,197.4453,14.87665308,3.4460705775879608,'POLYITAN-1',0,2.840146366502341,11917,148.6412,243.32606317,999,1.7091799925270232,0.000000000016210957462100108,0.06491164448073884,2.594278344115396,16,'2016-08-30 20:03:52'),(40043,148.5935,0.000038797,'2016-08-30 20:03:52','\0',0.0000021,0.0061055,0.0061055,16243.27376702,97.8914,211.8943,14.73799091,3.698253201208621,'TIGRISAT',0,2.5934458220621948,11798,130.1731,243.27376702,999,1.7085272393867776,0.000000000006363179564562659,0.06430661662712382,2.2719491925278312,16,'2016-08-30 20:03:52'),(40044,149.5709,0.00004412100000000001,'2016-08-30 20:03:52','\0',0.00000244,0.0060189,0.0060189,16243.22017295,97.8915,210.9015,14.7362072,3.6809255723948215,'LEMUR-1',0,2.610504670171187,11796,129.9504,243.22017295,999,1.7085289847160294,0.000000000007393408636920423,0.06429883372402363,2.26806234428364,16,'2016-08-30 20:03:52'),(40045,144.8728,0.00008524400000000001,'2016-08-30 20:03:53','\0',0.0000053,0.0059185,0.0059185,16243.24904296,97.8993,215.6406,14.74451821,3.763638470976085,'AEROCUBE 6A',0,2.528507356583242,11784,130.6172,243.24904296,999,1.708665120397685,0.00000000001605945318675338,0.06433509734619018,2.2797001997359376,16,'2016-08-30 20:03:53'),(40046,144.7066,0.000089275,'2016-08-30 20:03:53','\0',0.00000557,0.0058432,0.0058432,16243.18117876,97.8988,215.8034,14.74455843,3.7664798669983317,'AEROCUBE 6B',0,2.5256066193664273,11797,130.5054,243.18117876,999,1.708656393751425,0.000000000016877576273625722,0.06433527283904646,2.277748921632208,16,'2016-08-30 20:03:53'),(40057,286.723,0.00006951,'2016-08-30 20:06:12','\0',0.00000434,0.0009767,0.0009767,16238.85359524,98.1934,73.29,14.76787621,1.2791518087866445,'VELOX-1',0,5.004260391195703,11616,328.6988,238.85359524,999,1.7137981337278003,0.000000000013150571100096163,0.0644370158478604,5.736876307354339,16,'2016-08-30 20:06:12'),(40069,346.1909,-0.0000070706000000000005,'2016-08-30 20:06:10','\0',-0.00000059,0.0005421,0.0005421,16243.28422208,98.6995,13.9119,14.20633094,0.24280846020819916,'METEOR-M 2',0,6.042171045442439,11125,297.381,243.28422208,999,1.7226312450721437,-0.0000000000017877504490914138,0.061986812382735255,5.190277582873258,16,'2016-08-30 20:06:10'),(40071,286.9299,0.000030829,'2016-08-30 20:06:12','\0',0.00000181,0.0007337,0.0007337,16238.80415157,98.3318,73.1107,14.80856661,1.2760224334378185,'DAURIA DX 1',0,5.007871477418078,11525,332.3984,238.80415157,999,1.7162136694125605,0.000000000005484454767551626,0.06461456121134876,5.801446508361121,16,'2016-08-30 20:06:12'),(40074,270.9946,0.000063495,'2016-08-30 20:03:53','\0',0.0000046,0.0003358,0.0003358,16243.35616198,98.3368,89.0886,14.83160159,1.5548893959922205,'UKUBE-1',0,4.729748025125026,11606,339.5794,243.35616198,999,1.7163009358751602,0.00000000001393839333189916,0.06471507027238152,5.926778601946834,16,'2016-08-30 20:03:53'),(40119,322.1578,0.000033918,'2016-08-30 20:03:53','\0',0.00000228,0.0016686,0.0016686,16243.2138042,97.9571,37.8462,14.83971525,0.6605407993682781,'BRITE-PL 2',0,5.622714320981389,11000,324.368,243.2138042,999,1.7096739207053377,0.000000000006908594955810888,0.06475047279272836,5.661289588108968,16,'2016-08-30 20:03:53'),(40267,16.7471,0.0001,'2016-08-30 20:06:10','',0,0.00020989999999999998,0.00020989999999999998,16243.03035661,0.0324,340.5451,1.00264196,5.943633246533342,'HIMAWARI 8',0,0.2922920351607424,698,132.8898,243.03035661,999,0.0005654866776461628,0,0.004374850855162321,2.319364552316761,16,'2016-08-30 20:06:10'),(40299,51.8708,0.00004912800000000001,'2016-08-30 20:06:12','\0',0.00001038,0.0014919,0.0014919,16238.78717904,97.4268,61.9564,15.21499426,1.081343172682615,'HODOYOSHI-1',0,0.9053162456434749,10001,319.7508,238.78717904,999,1.700418439682012,0.000000000031452287561981145,0.06638793637725954,5.580704245885887,16,'2016-08-30 20:06:12'),(40300,42.7228,0.00006299,'2016-08-30 20:05:53','\0',0.00001297,0.0022401,0.0022401,16243.27395546,97.4217,41.7224,15.20039244,0.7281932518340823,'CHUBUSAT-1',0,0.7456535256710336,10058,322.1983,243.27395546,999,1.7003294278901602,0.00000000003930020902494176,0.06632422391831365,5.623421179328448,16,'2016-08-30 20:05:53'),(40301,56.0528,0.0001151,'2016-08-30 20:06:12','\0',0.00002549,0.0030461999999999998,0.0030461999999999998,16238.83034784,97.4162,82.9103,15.2148323,1.447057718816255,'QSAT-EOS',0,0.9783059149618777,9989,317.2528,238.83034784,999,1.7002334347813004,0.00000000007723687957176295,0.0663872296934454,5.537105921171067,16,'2016-08-30 20:06:12'),(40367,325.438,0,'2016-08-30 20:06:10','',-0.00000364,0.000283,0.000283,16242.89864404,1.0399,170.9943,1.00273517,2.9844135371429408,'FENGYUN 2G',0,5.679964611105307,616,270.2292,242.89864404,999,0.018149678891489038,-0.000000000011029511245241943,0.004375257560511267,4.716389275030261,16,'2016-08-30 20:06:10'),(40377,259.615,0.00011011000000000001,'2016-08-30 20:06:12','\0',0.00002373,0.014175199999999999,0.014175199999999999,16238.84957666,99.0921,98.9073,15.1297513,1.726258039257788,'FIREBIRD FU3',0,4.53113653756508,8631,358.9384,238.84957666,999,1.7294834077154735,0.00000000007190392907955806,0.0660159937982231,6.264656891840416,16,'2016-08-30 20:06:12'),(40378,244.8283,0.00018637000000000002,'2016-08-30 20:03:53','\0',0.00004109,0.014202399999999999,0.014202399999999999,16243.27647783,99.093,113.8158,15.13015591,1.9864604507913624,'FIREBIRD 4',0,4.2730599370604345,8698,4.2298,243.27647783,999,1.7294991156787414,0.0000000001245062134799427,0.0660177592423947,0.07382393670085617,16,'2016-08-30 20:03:53'),(40379,249.0709,0.00013532000000000003,'2016-08-30 20:03:53','\0',0.00002823,0.014622,0.014622,16243.30171805,99.0935,109.4815,15.11145626,1.9108126450221723,'GRIFEX',0,4.347107275905545,8692,3.1755,243.30171805,999,1.7295078423250014,0.00000000008553931386076375,0.06593616662702707,0.05542293039707995,16,'2016-08-30 20:03:53'),(40380,250.9937,0.00011544000000000002,'2016-08-30 20:03:53','\0',0.00002325,0.0149162,0.0149162,16243.29174669,99.097,107.5077,15.09922461,1.8763633362463081,'EXOCUBE',0,4.380666466762892,8687,2.5084,243.29174669,999,1.729568928848821,0.00000000007044948803622944,0.06588279598566418,0.04377983895702577,16,'2016-08-30 20:03:53'),(40654,244.0229,0.00011682000000000001,'2016-08-30 20:06:12','\0',0.00005178,0.0199913,0.0199913,16238.11593061,55,114.0136,15.26900897,1.9899127120518072,'NO-84',0,4.259003055264872,3456,113.7659,238.11593061,208,0.9599310885968815,0.0000000001568978275490736,0.06662362001076201,1.9855895314946175,16,'2016-08-30 20:06:12'),(40655,248.2508,0.00013075,'2016-08-30 20:06:12','\0',0.00006463,0.017957,0.017957,16238.11639772,54.9868,109.936,15.32452709,1.9187451664724866,'NO-83',0,4.33279383070994,3466,104.8995,238.11639772,225,0.9597007051356182,0.00000000019583442631318316,0.06686586350789135,1.830841658695792,16,'2016-08-30 20:06:12'),(40719,5.1373,0.00011463,'2016-08-30 20:03:54','\0',0.00000733,0.0017044,0.0017044,16242.93117834,98.0075,355.0008,14.75647482,6.195932807213888,'DEORBITSAIL',0,0.08966279966270471,6136,133.8839,242.93117834,999,1.7105535666483427,0.000000000022210526765830617,0.06438726789915938,2.336714870410837,16,'2016-08-30 20:03:54'),(40732,327.7952,0,'2016-08-30 20:06:10','',-0.00000065,0.00011499999999999999,0.00011499999999999999,16242.77472616,2.3702,31.7676,1.00268235,0.5544492154565508,'METEOSAT-11 (MSG-4)',0,5.721105512233318,416,254.1838,242.77472616,999,0.04136779393076961,-0.00000000000196955557950749,0.004375027089783541,4.436344215230763,16,'2016-08-30 20:06:10'),(40898,179.3487,0.00038753,'2016-08-30 20:03:54','\0',0.00082339,0.0001606,0.0001606,16243.36859542,51.6306,180.7518,15.82402344,3.1547140389062873,'S-CUBE',0,3.1302253241715547,5444,14.4839,243.36859542,999,0.9011239647801845,0.00000000249494210555488,0.06904532748518985,0.25279174352960676,16,'2016-08-30 20:03:54'),(40900,152.4909,0.00018798,'2016-08-30 20:05:53','\0',0.00003695,0.0015811999999999998,0.0015811999999999998,16243.36521259,97.4457,207.7164,15.1734238,3.6253350903895503,'NUDT-PHONESAT',0,2.661468284329422,5232,249.8031,243.36521259,999,1.7007483069106388,0.00000000011196165948123345,0.06620655102761738,4.359886576688648,16,'2016-08-30 20:05:53'),(40901,149.1419,0.00008830500000000002,'2016-08-30 20:05:54','\0',0.00001599,0.0015210999999999998,0.0015210999999999998,16243.31062869,97.4602,211.0711,15.1527519,3.683885650806204,'ZDPS 2A',0,2.6030172076801312,5227,249.7513,243.31062869,999,1.701001379652178,0.00000000004845106725588425,0.06611635284820663,4.3589824961361145,16,'2016-08-30 20:05:54'),(40902,146.6985,0.00008747400000000001,'2016-08-30 20:05:54','\0',0.00001578,0.0015337999999999999,0.0015337999999999999,16243.27803756,97.4458,213.5216,15.1513873,3.726654944126325,'ZDPS 2B',0,2.560371832736902,5226,248.9818,243.27803756,999,1.7007500522398908,0.00000000004781474929942799,0.06611039865746346,4.345552187542018,16,'2016-08-30 20:05:54'),(40903,224.5801,0.000091605,'2016-08-30 20:05:54','\0',0.00003229,0.0014353999999999999,0.0014353999999999999,16243.405919,97.4442,135.429,15.36887668,2.363681952683401,'XW-2A',0,3.919662179458118,5295,259.471,243.405919,999,1.7007221269718586,0.00000000009784146101891822,0.06705937509974373,4.528623263442208,16,'2016-08-30 20:05:54'),(40904,143.034,0.000066283,'2016-08-30 20:05:55','\0',0.00001139,0.0015949,0.0015949,16243.35511441,97.4549,329.9861,15.13934608,5.759343930815262,'KAITUO 1A',0,2.4964142422975697,5223,249.0076,243.35511441,999,1.7009088772018222,0.00000000003451267392398509,0.0660578589237242,4.346002482489033,16,'2016-08-30 20:05:55'),(40905,134.7376,0.00004859100000000001,'2016-08-30 20:05:55','\0',0.00000797,0.0017389999999999999,0.0017389999999999999,16243.32943271,97.4495,225.5274,15.13037837,3.9361956834622602,'2015-049G',0,2.351614746235112,5221,248.2926,243.32943271,999,1.7008146294222146,0.00000000002414978149026876,0.06601872990725821,4.333523378337273,16,'2016-08-30 20:05:55'),(40906,136.9634,0.000073458,'2016-08-30 20:05:56','\0',0.00001264,0.0016756,0.0016756,16243.27541271,97.4548,223.2912,15.13780922,3.897166630729163,'XW-2C',0,2.390462284726002,5221,248.7689,243.27541271,999,1.7009071318725704,0.00000000003830028080765334,0.06605115310693867,4.341836381564523,16,'2016-08-30 20:05:56'),(40907,135.4635,0.00007782500000000001,'2016-08-30 20:05:56','\0',0.00001345,0.001617,0.001617,16243.20821795,97.4514,224.79,15.13833565,3.923325625558054,'XW-2D',0,2.3642840912753393,5220,248.5524,243.20821795,999,1.7008477906780026,0.00000000004075465006827037,0.06605345009113398,4.3380577437339545,16,'2016-08-30 20:05:56'),(40908,131.9099,0.000044321000000000005,'2016-08-30 20:05:56','\0',0.00000713,0.0017641,0.0017641,16243.27344058,97.4613,228.3639,15.12660744,3.9857019476950795,'LILACSAT 2',0,2.3022620709764685,5218,248.6075,243.27344058,999,1.7010205782739498,0.000000000021604509664443697,0.06600227612116764,4.3390194201518035,16,'2016-08-30 20:05:56'),(40910,134.178,0.00010958,'2016-08-30 20:05:57','\0',0.00001951,0.0017235,0.0017235,16243.28371454,97.4543,226.0872,15.14372487,3.9459660366149247,'XW-2F',0,2.341847883740952,5211,248.8964,243.28371454,999,1.7008984052263103,0.00000000005911696824029405,0.06607696499941257,4.344061676360815,16,'2016-08-30 20:05:57'),(40911,135.4351,0.000076408,'2016-08-30 20:05:57','\0',0.00001318,0.0016056999999999998,0.0016056999999999998,16243.27469826,97.4562,224.8175,15.13813688,3.9238055911023526,'XW-2B',0,2.363788417767773,5211,248.8343,243.27469826,999,1.700931566482098,0.000000000039936526981398025,0.06605258279339543,4.342977826895327,16,'2016-08-30 20:05:57'),(40912,128.995,0.00010489000000000001,'2016-08-30 20:05:57','\0',0.00001975,0.0017748999999999998,0.0017748999999999998,16243.34227199,97.4541,346.4393,15.16344039,6.046506443304392,'KAITUO 1B',0,2.251387468610086,5219,249.9435,243.34227199,999,1.7008949145678063,0.00000000005984418876195834,0.06616299018384826,4.362337018958448,16,'2016-08-30 20:05:57'),(40926,137.063,0.00018454000000000002,'2016-08-30 20:03:54','\0',0.00006747,0.0015102,0.0015102,16243.34433163,97.2699,278.3696,15.3757445,4.858466057459608,'TIANWANG 1C (TW-1C)',0,2.3922006326609884,5215,279.4834,243.34433163,999,1.6976800180856328,0.00000000020443986915287747,0.06708934161760231,4.877905534668321,16,'2016-08-30 20:03:54'),(40927,144.0782,0.00019024000000000002,'2016-08-30 20:03:54','\0',0.00006735,0.0014613,0.0014613,16243.34668117,97.2792,271.5613,15.36582442,4.739638805996078,'TIANWANG 1B (TW-1B)',0,2.514638970346895,5213,279.6047,243.34668117,999,1.6978423337060682,0.00000000020407625889204528,0.067046057103087,4.880022619050989,16,'2016-08-30 20:03:54'),(40928,154.7268,0.000089348,'2016-08-30 20:03:54','\0',0.00002849,0.0014640999999999999,0.0014640999999999999,16243.32929487,97.2648,261.7336,15.33777738,4.568113083097832,'TIANWANG 1A (TW-1A)',0,2.700492101074763,5208,278.1997,243.32929487,999,1.697591006293781,0.00000000008632713609256675,0.06692367880472737,4.85550074306047,16,'2016-08-30 20:03:54'),(40931,45.0253,0.00000030847,'2016-08-30 20:05:59','\0',0.00000642,0.0013712,0.0013712,16240.27630768,5.9998,315.0985,14.76475142,5.4995062930953535,'LAPAN-A2 (IO-86)',0,0.7858397316982031,4945,168.3658,240.27630768,999,0.1047162644611558,0.000000000019453148954520133,0.06442338137937703,2.9385375577542696,16,'2016-08-30 20:05:59'),(40932,97.4809,0.00011817000000000002,'2016-08-30 20:03:54','\0',0.00001502,0.0012603,0.0012603,16243.39416894,6.0004,262.769,14.77226688,4.586184222172981,'LEMUR-2-JOEL',0,1.7013626628073408,4993,143.9474,243.39416894,999,0.10472673643666777,0.00000000004551188431415769,0.06445617375982753,2.512356079685286,16,'2016-08-30 20:03:54'),(40933,97.1703,0.000019407000000000002,'2016-08-30 20:03:55','\0',0.00000786,0.0013698,0.0013698,16243.35776917,6.0028,262.996,14.77366888,4.5901461195750075,'LEMUR-2-CHRIS',0,1.6959416701506462,4993,143.6371,243.35776917,999,0.10476862433871563,0.00000000002381647208450595,0.06446229113885577,2.5069403230163476,16,'2016-08-30 20:03:55'),(40934,89.225,0.000046167,'2016-08-30 20:03:55','\0',0.00000969,0.0010262,0.0010262,16243.39667202,6.0027,270.9937,14.76678213,4.7297323171617585,'LEMUR-2-JEROEN',0,1.5572700250919407,4988,146.2445,243.39667202,999,0.10476687900946365,0.000000000029361528562196275,0.06443224202329033,2.5524480379328476,16,'2016-08-30 20:03:55'),(40935,88.379,-0.0000041653,'2016-08-30 20:03:55','\0',0.00000607,0.0010049,0.0010049,16243.37350456,6.0001,271.7477,14.76476766,4.742892099721796,'LEMUR-2-PETER',0,1.542504539620069,4988,147.1504,243.37350456,999,0.10472150044891178,0.000000000018392619027093022,0.06442345223974466,2.568258975626664,16,'2016-08-30 20:03:55'),(40936,67.2966,0.00003053300000000001,'2016-08-30 20:03:55','\0',0.0000085,0.0010215,0.0010215,16242.61400329,6.0014,292.8528,14.76094733,5.111245583684451,'EXACTVIEW 9',0,1.1745472453976162,4977,153.5299,242.61400329,999,0.10474418972918773,0.0000000000257557268089441,0.0644067829054915,2.6796022552576426,16,'2016-08-30 20:03:55'),(40949,318.0021,0.00046385,'2016-08-30 20:03:55','\0',0.00146259,0.0002652,0.0002652,16243.3671159,51.627,42.0781,15.90947829,0.7344013879834261,'GOMX 3',0.000019003,5.550183673256261,5182,7.6204,243.3671159,999,0.9010611329271128,0.000000004431772761587476,0.0694181946087643,0.13300107031897593,16,'2016-08-30 20:03:55'),(40950,320.2393,0.00051854,'2016-08-30 20:03:56','\0',0.00234666,0.0007434,0.0007434,16243.32822902,51.6263,39.807,15.9750291,0.694763215341383,'FLOCK 2B-1',0.000033345,5.589230179281878,5177,5.0883,243.32822902,999,0.9010489156223488,0.0000000071105804557031475,0.06970421397422662,0.0888075883292275,16,'2016-08-30 20:03:56'),(40951,313.1019,0.00045282000000000005,'2016-08-30 20:03:56','\0',0.00165242,0.0005333,0.0005333,16243.3660299,51.626,46.9542,15.93676603,0.8195053876399216,'FLOCK 2B-2',0.000021576,5.464659049250034,5176,6.0686,243.3660299,999,0.9010436796345928,0.000000005006973893368871,0.06953725983587135,0.1059170509865279,16,'2016-08-30 20:03:56'),(40952,306.7367,0.00038110000000000005,'2016-08-30 20:03:56','\0',0.00118268,0.0003681,0.0003681,16243.39075246,51.6328,53.33,15.90044085,0.9307840900885761,'FLOCK 2B-3',0,5.353565351702091,5171,8.616,243.39075246,999,0.9011623620237285,0.0000000035836215273414122,0.06937876133777646,0.15037756835183147,16,'2016-08-30 20:03:56'),(40953,313.8161,0.00040571,'2016-08-30 20:03:56','\0',0.00112913,0.0002534,0.0002534,16243.37590476,51.6331,46.2634,15.8789298,0.8074486531671448,'FLOCK 2B-4',0,5.477124190767778,5169,10.0404,243.37590476,999,0.9011675980114844,0.000000003421360448445065,0.06928490167576117,0.1752380382172387,16,'2016-08-30 20:03:56'),(40954,323.5502,0.00046229,'2016-08-30 20:03:56','\0',0.001928,0.0005064,0.0005064,16243.3609507,51.6261,36.516,15.96106294,0.6373244296582494,'FLOCK 2B-5',0.000025834,5.647016285486159,5174,5.3018,243.3609507,999,0.9010454249638448,0.000000005842004857369908,0.06964327510526153,0.09253386628223538,16,'2016-08-30 20:03:56'),(40956,312.5729,0.00043390000000000003,'2016-08-30 20:03:57','\0',0.00213739,0.0006531,0.0006531,16243.37490764,51.6266,47.4729,15.99051073,0.8285584104700163,'FLOCK 2B-7',0.000029972000000000004,5.455426257506985,5172,3.1123,243.37490764,999,0.9010541516101048,0.0000000064764744616669436,0.0697717653284955,0.054319882309819524,16,'2016-08-30 20:03:57'),(40958,278.7872,0.000018205000000000003,'2016-08-30 20:06:00','\0',0.00000066,0.0016998999999999998,0.0016998999999999998,16243.36051395,98.0096,81.1411,14.72891822,1.4161793536899712,'LQSAT',0,4.865754552415936,4830,317.2613,243.36051395,999,1.710590218562635,0.000000000001999856434576836,0.06426702954899563,5.537254274157487,16,'2016-08-30 20:06:00'),(40962,283.4752,0.00040488000000000004,'2016-08-30 20:03:57','\0',0.00127216,0.0002808,0.0002808,16243.38376911,51.6277,76.5941,15.90263012,1.336819232601789,'FLOCK 2B-10',0,4.94757558774943,5157,8.5152,243.38376911,999,0.9010733502318766,0.0000000038547535785019205,0.06938831383020523,0.14861827646582118,16,'2016-08-30 20:03:57'),(40963,276.5501,0.0004002000000000001,'2016-08-30 20:03:57','\0',0.0011334,0.0002878,0.0002878,16243.33588811,51.6327,83.5176,15.88242107,1.4576571033636165,'FLOCK 2B-9',0,4.826709791719571,5155,9.7601,243.33588811,999,0.9011606166944763,0.000000003434298913559675,0.06930013521490519,0.17034588032389858,16,'2016-08-30 20:03:57'),(40967,183.3093,0.000076922,'2016-08-30 20:06:12','\0',0.00000536,0.0195685,0.0195685,16238.41209634,64.7784,176.6743,14.75102622,3.0835482386562183,'AO-85',0,3.1993508345260424,3348,35.9191,238.41209634,234,1.130596364173895,0.000000000016241258317169455,0.06436349389675335,0.6269065593530954,16,'2016-08-30 20:06:12'),(40979,268.5549,0.00041321,'2016-08-30 20:03:57','\0',0.00118967,0.0002103,0.0002103,16243.37635316,51.6323,91.5215,15.88555814,1.5973515113639907,'FLOCK 2B-13',0,4.68716722736412,5145,10.0507,243.37635316,999,0.9011536353774684,0.0000000036048018250348855,0.06931382326499658,0.17541780713019414,16,'2016-08-30 20:03:57'),(40980,312.9109,0.00048176,'2016-08-30 20:03:57','\0',0.00312394,0.0007823999999999999,0.0007823999999999999,16243.53498353,51.63,47.1751,16.0341387,0.8233608199575772,'FLOCK 2B-14',0,5.461325470378726,5159,0.4019,243.53498353,999,0.9011134928046726,0.000000009465805318533274,0.06996212825911083,0.007014478263765211,16,'2016-08-30 20:03:57'),(41105,86.002,0,'2016-08-30 20:06:10','',-0.0000013,0.0001437,0.0001437,16243.20807519,0.0693,326.8219,1.00273254,5.7041182226236575,'ELEKTRO-L 2',0,1.5010180633001635,264,76.8916,243.20807519,999,0.0012095131716320707,-0.00000000000393911115901498,0.0043752460849714354,1.3420115871264722,16,'2016-08-30 20:06:10'),(41168,307.1366,0.00012178000000000002,'2016-08-30 20:03:58','\0',0.00002722,0.0012194,0.0012194,16243.3553651,14.987,180.9375,15.10267779,3.1579551153272405,'ATHENOXAT 1',0,5.360544923380817,3898,132.1885,243.3553651,999,0.26157249499639024,0.00000000008247892749875981,0.06589786332583018,2.307124558272525,16,'2016-08-30 20:03:58'),(41170,317.6296,0.00013978000000000002,'2016-08-30 20:03:58','\0',0.00003073,0.0014033,0.0014033,16243.030096,14.9887,42.2941,15.10873776,0.7381712991677338,'GALASSIA',0,5.5436823217925815,3895,132.7469,243.030096,999,0.2616021655936741,0.00000000009311452762810025,0.06592430493309821,2.3168704768156614,16,'2016-08-30 20:03:58'),(41171,292.4744,0.00010277000000000002,'2016-08-30 20:03:58','\0',0.00002325,0.0009486999999999999,0.0009486999999999999,16243.32754857,14.991,67.4572,15.08941474,1.177350244176319,'VELOX 2',0,5.1046412577949045,3895,135.6587,243.32754857,999,0.26164230816647,0.00000000007044948803622944,0.06583999235299103,2.367690973975232,16,'2016-08-30 20:03:58'),(41313,129.3151,0.00023243000000000002,'2016-08-30 20:03:58','\0',0.00019809,0.0004212,0.0004212,16242.92256624,51.6401,230.8217,15.61480845,4.028598650050596,'AGGIESAT 4',0,2.25697426754572,3324,44.0497,242.92256624,999,0.9012897710591239,0.0000000006002296380686749,0.06813245488018309,0.7688122995157464,16,'2016-08-30 20:03:58'),(41314,138.1148,0.00029245000000000003,'2016-08-30 20:03:59','\0',0.00029036,0.0002894,0.0002894,16243.37305154,51.6344,222.0069,15.65155499,3.8747513671458,'BEVO 2',0,2.410558005733465,3315,38.6932,243.37305154,999,0.9011902872917603,0.0000000008798156277935303,0.06829279190811204,0.67532373813267,16,'2016-08-30 20:03:59'),(41338,56.977,0.000049425,'2016-08-30 20:06:00','\0',0.00000707,0.0013846,0.0013846,16242.94617666,31.0027,303.2194,14.99461341,5.2921768859216956,'CHUBUSAT-2',0,0.9944362479088092,2923,161.6037,242.94617666,999,0.5410991920080461,0.00000000002142270453402762,0.0654263435170486,2.820516648405161,16,'2016-08-30 20:06:00'),(41339,64.7031,0.000037035,'2016-08-30 20:06:00','\0',0.00000554,0.0013562,0.0013562,16243.11571298,31.0097,295.5012,14.99687476,5.157468883594269,'CHUBUSAT-3',0,1.1292821312471433,2923,160.1621,243.11571298,999,0.5412213650556857,0.000000000016786673708417684,0.0654362105178086,2.795355981908411,16,'2016-08-30 20:06:00'),(41340,68.6007,0.000079588,'2016-08-30 20:03:59','\0',0.00001105,0.0014152,0.0014152,16242.93293231,31.0047,291.6137,15.00142215,5.089619208922989,'HORYU-IV',0,1.1973080841728743,2923,160.5286,242.93293231,999,0.541134098593086,0.00000000003348244485162733,0.06545605224977666,2.80175261361697,16,'2016-08-30 20:03:59'),(41458,181.6992,0.00015996,'2016-08-30 20:03:59','\0',0.00002815,0.0177661,0.0177661,16242.86719641,98.2033,178.3652,15.0142022,3.1130600109781903,'OUFTI-1',0,3.1712492882396814,1884,257.5614,242.86719641,999,1.7139709213237477,0.00000000008529690702020899,0.06551181573754404,4.495294456046124,16,'2016-08-30 20:03:59'),(41459,180.4207,0.00015304,'2016-08-30 20:03:59','\0',0.00002686,0.0177722,0.0177722,16243.26797219,98.2027,179.6895,15.01383589,3.1361734062623516,'E-ST@R-II',0,3.148935253752934,1889,257.9786,243.26797219,999,1.7139604493482357,0.00000000008138809671626335,0.06551021740864829,4.502575969685444,16,'2016-08-30 20:03:59'),(41460,179.366,0.00016776000000000003,'2016-08-30 20:04:00','\0',0.00002954,0.0174985,0.0174985,16243.3861694,98.2108,180.7805,15.01734614,3.155214948401609,'AAUSAT 4',0,3.13052726613215,1891,258.1426,243.3861694,999,1.7141018210176475,0.00000000008950872587484808,0.06552553376366532,4.505438309658715,16,'2016-08-30 20:04:00'),(41463,148.0063,0.00010507000000000001,'2016-08-30 20:04:00','\0',0.00007139,0.000145,0.000145,16243.31239385,51.6437,279.6666,15.56626537,4.881102977857975,'DIWATA-1',0,2.583197248694484,1940,47.2599,243.31239385,999,0.9013526029121958,0.0000000002163178043400611,0.06792064573641833,0.8248408591632683,16,'2016-08-30 20:04:00'),(41474,67.3451,0.00043509,'2016-08-30 20:04:00','\0',0.00036228,0.0001572,0.0001572,16242.90662542,51.642,292.7709,15.60519033,5.109816159027067,'MINXSS',0,1.1753937300848336,1643,47.7076,242.90662542,999,0.9013229323149119,0.0000000010977393774522667,0.0680904879147201,0.8326546982244469,16,'2016-08-30 20:04:00'),(41475,145.0423,0.0006063700000000001,'2016-08-30 20:04:00','\0',0.00056891,0.000053899999999999996,0.000053899999999999996,16243.33496415,51.6393,215.0607,15.63403583,3.75351730664377,'CADRE',0,2.531465689665372,1651,44.5545,243.33496415,999,0.901275808425108,0.0000000017238459457501633,0.06821635015206612,0.7776227215798137,16,'2016-08-30 20:04:00'),(41476,52.7435,0.0004179000000000001,'2016-08-30 20:04:00','\0',0.00034997,0.0000745,0.0000745,16243.28828486,51.6402,307.3626,15.60686463,5.364489367490324,'STMSAT-1',0,0.9205477340256294,1640,45.7474,243.28828486,999,0.9012915163883759,0.000000001060439024861902,0.06809779342663665,0.7984427542268541,16,'2016-08-30 20:04:00'),(41477,54.9859,0.00030456,'2016-08-30 20:04:01','\0',0.00023891,0.0001378,0.0001378,16243.3365404,51.6398,305.1263,15.59177557,5.325458569427975,'NODES 1',0,0.9596849971723502,1640,46.0677,243.3365404,999,0.901284535071368,0.0000000007239177284617452,0.0680319549821289,0.8040330438209919,16,'2016-08-30 20:04:01'),(41478,56.5947,0.00029916000000000003,'2016-08-30 20:04:01','\0',0.00023405,0.0001314,0.0001314,16243.33904784,51.6396,303.5171,15.59119571,5.297372731104883,'NODES 2',0,0.987763854178435,1640,46.0834,243.33904784,999,0.901281044412864,0.0000000007091915128980431,0.06802942486557875,0.8043070605135549,16,'2016-08-30 20:04:01'),(41479,222.0313,0.00014582,'2016-08-30 20:04:01','\0',0.00010656,0.00025489999999999996,0.00025489999999999996,16242.9494459,51.644,274.0348,15.58005425,4.782809525044159,'FLOCK 2E\'-1',0,3.8751772274832863,1629,48.4436,242.9494459,999,0.9013578388999517,0.00000000032288591161895095,0.06798081107545893,0.8455003215191252,16,'2016-08-30 20:04:01'),(41480,275.9863,0.00016590000000000002,'2016-08-30 20:04:01','\0',0.00012283,0.0001651,0.0001651,16243.31451396,51.6447,153.6846,15.58191062,2.682302279610478,'FLOCK 2E\'-3',0,4.816869625396828,1635,46.5226,243.31451396,999,0.9013700562047157,0.00000000037218540281677686,0.06798891101761775,0.8119725465883141,16,'2016-08-30 20:04:01'),(41481,211.9063,0.00016735000000000003,'2016-08-30 20:04:02','\0',0.00012573,0.000285,0.000285,16243.29838556,51.6423,211.3576,15.58558371,3.6888860191131676,'FLOCK 2E\'-2',0,3.6984626407188603,1633,46.4264,243.29838556,999,0.9013281683026678,0.00000000038097265078688724,0.06800493789617326,0.8102935398478955,16,'2016-08-30 20:04:02'),(41482,258.3322,0.00015391000000000002,'2016-08-30 20:04:02','\0',0.00011335,0.0001558,0.0001558,16243.44264904,51.6433,127.0532,15.58141516,2.21749666519486,'FLOCK 2E\'-4',0,4.508747453920496,1635,45.9714,243.44264904,999,0.9013456215951878,0.0000000003434601922110369,0.06798674916553976,0.8023522917513214,16,'2016-08-30 20:04:02'),(41483,357.8771,0.00014625000000000003,'2016-08-30 20:04:02','\0',0.00010835,0.0000951,0.0000951,16243.32876166,51.644,70.4502,15.58353416,1.2295879486885093,'FLOCK 2E-1',0,6.246133712489,1620,46.6263,243.32876166,999,0.9013578388999517,0.0000000003283097646763639,0.0679959950472522,0.8137824530226323,16,'2016-08-30 20:04:02'),(41484,36.9464,0.0001541,'2016-08-30 20:04:02','\0',0.00011376,0.00006939999999999999,0.00006939999999999999,16242.93792899,51.6451,96.8694,15.58199501,1.6906899744313955,'FLOCK 2E-2',0,0.6448363267588331,1614,48.376,242.93792899,999,0.9013770375217237,0.00000000034470252726888005,0.06798927923845668,0.844320478944777,16,'2016-08-30 20:04:02'),(41485,235.7839,0.00023270000000000002,'2016-08-30 20:04:03','\0',0.00019186,0.0002074,0.0002074,16243.31200073,51.6439,193.8039,15.60643824,3.382516158205839,'LEMUR-2-THERESACONDOR',0,4.115205378193059,1617,45.7577,243.31200073,999,0.9013560935706998,0.0000000005813522053604723,0.06809593294928724,0.7986225231398095,16,'2016-08-30 20:04:03'),(41486,79.4712,0.00013893,'2016-08-30 20:04:03','\0',0.0000999,0.0002264,0.0002264,16243.33777911,51.6441,350.4913,15.57652387,6.117227184595203,'FLOCK 2E-3',0,1.387034100510918,1623,46.6801,243.33777911,999,0.9013595842292037,0.0000000003027055421427665,0.0679654068867473,0.8147214401602052,16,'2016-08-30 20:04:03'),(41487,71.7441,0.00014258,'2016-08-30 20:04:03','\0',0.00010406,0.0002242,0.0002242,16243.32115181,51.6429,1.0019,15.58003574,0.01748645377573119,'FLOCK 2E-4',0,1.252170763880064,1623,46.5597,243.32115181,999,0.9013386402781798,0.00000000031531069785161445,0.0679807303103478,0.812620063740804,16,'2016-08-30 20:04:03'),(41488,230.2967,0.00023149000000000002,'2016-08-30 20:04:03','\0',0.00018895,0.0001759,0.0001759,16243.43612912,51.6428,153.737,15.60390146,2.683216832138523,'LEMUR-2-NICK-ALLAIN',0,4.019435671477626,1619,45.1809,243.43612912,999,0.9013368949489278,0.0000000005725346565352927,0.06808486415843756,0.7885554640143062,16,'2016-08-30 20:04:03'),(41489,215.7756,0.00032913,'2016-08-30 20:04:04','\0',0.00027548,0.0001048,0.0001048,16242.93316556,51.6449,277.299,15.60799287,4.839780562487756,'LEMUR-2-KANE',0,3.7659946654662773,1536,47.5958,242.93316556,999,0.9013735468632197,0.0000000008347279554503436,0.06810271630232483,0.8307034201207172,16,'2016-08-30 20:04:04'),(41490,258.1432,0.00025324,'2016-08-30 20:04:04','\0',0.00020861,0.0001204,0.0001204,16243.31290838,51.6446,171.5998,15.6055903,2.994981505763766,'LEMUR-2-JEFF',0,4.505448781634227,1617,45.7655,243.31290838,999,0.9013683108754637,0.0000000006321061376016269,0.06809223311307241,0.7987586588214651,16,'2016-08-30 20:04:04'),(41557,334.4766,0.000079147,'2016-08-30 20:06:12','\0',0.00001942,0.0014382,0.0014382,16238.84403388,97.4926,161.8244,15.2562588,2.8243685900643123,'NuSat1-LUSEX',0,5.837717940876067,1337,312.1231,238.84403388,999,1.701566866329824,0.00000000005884426054466993,0.06656798689908977,5.447575766531514,16,'2016-08-30 20:06:12'),(41558,333.3181,0.00007789600000000001,'2016-08-30 20:06:12','\0',0.00001902,0.0013767999999999999,0.0013767999999999999,16238.85195804,97.4952,162.2121,15.25485095,2.831135231574294,'NuSat2',0,5.817498301491713,1337,312.1388,238.85195804,999,1.7016122448903759,0.00000000005763222634189609,0.06656184399462121,5.447849783224077,16,'2016-08-30 20:06:12'),(41563,210.6952,0.00013821,'2016-08-30 20:04:04','\0',0.00009945,0.00029319999999999997,0.00029319999999999997,16242.90829431,51.642,303.0926,15.57676695,5.289963808430167,'FLOCK 2E-6',0,3.6773249581479575,1422,48.8841,242.90829431,999,0.9013229323149119,0.00000000030134200366464595,0.06796646752333374,0.8531884968741602,16,'2016-08-30 20:04:04'),(41564,221.3714,0.00013704000000000003,'2016-08-30 20:04:04','\0',0.00009858,0.0002568,0.0002568,16243.34387881,51.6434,209.6809,15.57681846,3.659622083544979,'FLOCK 2E-5',0,3.863659799749376,1428,46.7188,243.34387881,999,0.9013473669244397,0.0000000002987058292736128,0.06796669227810816,0.8153968825807271,16,'2016-08-30 20:04:04'),(41565,116.5639,0.00015798,'2016-08-30 20:04:05','\0',0.0001216,0.0003616,0.0003616,16243.57315883,51.6405,243.6249,15.5813554,4.252056644841934,'FLOCK 2E-7',0,2.0344238439654188,1422,45.395,243.57315883,999,0.9012967523761319,0.00000000036845839764324735,0.06798648841334952,0.7922922139428261,16,'2016-08-30 20:04:05'),(41566,118.6372,0.00020189,'2016-08-30 20:04:05','\0',0.0001512,0.0003158,0.0003158,16243.33113067,51.6437,310.1673,15.58288438,5.413440617021009,'FLOCK 2E-8',0,2.070609755347017,1417,46.6309,243.33113067,999,0.9013526029121958,0.0000000004581489286485115,0.06799315984714879,0.813862738168224,16,'2016-08-30 20:04:05'),(41567,132.3858,0.00014790000000000002,'2016-08-30 20:04:05','\0',0.00010567,0.0004816,0.0004816,16243.35985192,51.6443,303.5931,15.57402073,5.2986991813363975,'FLOCK 2E\'-5',0,2.3105680928867094,1415,46.8089,243.35985192,999,0.9013630748877077,0.00000000032018913551777916,0.06795448487808771,0.8169694242367739,16,'2016-08-30 20:04:05'),(41568,140.0608,0.00014598,'2016-08-30 20:04:05','\0',0.00010589,0.00045779999999999996,0.00045779999999999996,16243.2755037,51.6414,279.4325,15.57811635,4.877017162079056,'FLOCK 2E\'-6',0,2.4445221129772743,1417,47.032,243.2755037,999,0.9013124603393998,0.00000000032085575432930477,0.06797235539156533,0.8208632537979732,16,'2016-08-30 20:04:05'),(41569,128.0032,0.00016161,'2016-08-30 20:04:06','\0',0.00011985,0.0000359,0.0000359,16243.3230959,51.6437,305.0244,15.58260623,5.3236800789201935,'FLOCK 2E\'-8',0,2.2340772930888058,1406,46.5742,243.3230959,999,0.9013526029121958,0.0000000003631557480061118,0.0679919461888202,0.8128731364823432,16,'2016-08-30 20:04:06'),(41570,331.0517,0.00016772,'2016-08-30 20:04:06','\0',0.00012871,0.0000748,0.0000748,16243.57476634,51.6411,29.0957,15.58063922,0.5078157631725143,'FLOCK 2E\'-7',0,5.777942159324513,1412,45.4137,243.57476634,999,0.9013072243516439,0.00000000039000230559755236,0.06798336348859028,0.7926185905129489,16,'2016-08-30 20:04:06'),(41571,112.7059,0.00043602,'2016-08-30 20:04:06','\0',0.00033473,0.0004147,0.0004147,16243.32882749,51.643,316.6014,15.58406956,5.525736846423577,'FLOCK 2E-9',0,1.9670890414234774,1404,46.6152,243.32882749,999,0.9013403856074318,0.0000000010142605217362186,0.067998331170456,0.8135887214756609,16,'2016-08-30 20:04:06'),(41572,127.1692,0.00015376000000000002,'2016-08-30 20:04:07','\0',0.0001184,0.0003949,0.0003949,16243.57325139,51.6408,233.0186,15.58144994,4.066941788387659,'FLOCK 2E-10',0,2.2195212471271732,1408,45.3978,243.57325139,999,0.9013019883638879,0.00000000035876212402105663,0.06798690092191823,0.7923410831618818,16,'2016-08-30 20:04:07'),(41573,138.0247,0.0001867,'2016-08-30 20:04:07','\0',0.0001388,0.00043759999999999996,0.00043759999999999996,16243.3305699,51.6441,290.7021,15.58171302,5.0737087874618085,'FLOCK 2E-12',0,2.4089854640774178,1404,46.6213,243.3305699,999,0.9013595842292037,0.0000000004205758683625225,0.06798804882496727,0.8136951865600325,16,'2016-08-30 20:04:07'),(41574,138.5419,0.00018076,'2016-08-30 20:04:07','\0',0.00013549,0.0005055,0.0005055,16243.31663728,51.6423,293.4004,15.58413329,5.120803006668372,'FLOCK 2E-11',0,2.4180123069687327,1404,46.5246,243.31663728,999,0.9013281683026678,0.0000000004105462853345689,0.06799860924503907,0.812007453173354,16,'2016-08-30 20:04:07'),(41575,158.9577,0.00016398,'2016-08-30 20:04:07','\0',0.00012227,0.0004998,0.0004998,16243.38482692,51.641,284.5538,15.58381742,4.966400709061442,'FLOCK 2E\'-9',0,2.7743352363973908,1404,46.2048,243.38482692,999,0.9013054790223919,0.00000000037048855493289353,0.06799723100216201,0.8064258902254762,16,'2016-08-30 20:04:07'),(41576,157.8474,0.00017350000000000002,'2016-08-30 20:04:08','\0',0.0001278,0.0005319,0.0005319,16243.26931777,51.6431,260.7402,15.58004497,4.55077498230852,'FLOCK 2E\'-10',0,2.7549568457124978,1392,46.9932,243.26931777,999,0.9013421309366837,0.00000000038724492778624185,0.0679807705838203,0.8201860660481994,16,'2016-08-30 20:04:08'),(41577,135.1227,0.00015482,'2016-08-30 20:04:08','\0',0.00011921,0.00046249999999999997,0.00046249999999999997,16243.57591101,51.6413,225.0665,15.58139767,3.9281514609398185,'FLOCK 2E\'-11',0,2.3583360091845424,1379,45.4171,243.57591101,999,0.9013107150101479,0.00000000036121649328167364,0.06798667285101821,0.7926779317075168,16,'2016-08-30 20:04:08'),(41578,125.3872,0.00017681,'2016-08-30 20:04:08','\0',0.00012982,0.0004475,0.0004475,16243.2759161,51.6423,294.1791,15.57903812,5.134393885553652,'FLOCK 2E\'-12',0,2.1884194798566345,1374,47.0345,243.2759161,999,0.9013281683026678,0.00000000039336570051024975,0.06797637737192687,0.8209068870292732,16,'2016-08-30 20:04:08'),(41595,286.7703,0.00045794,'2016-08-30 20:04:08','\0',0.00039274,0.0004794,0.0004794,16242.94462007,51.6401,73.2765,15.61241235,1.278916189337625,'LEMUR 2 DRMUZZ',0,5.005085931931896,1084,47.1978,242.94462007,999,0.9012897710591239,0.0000000011900357819934947,0.06812199992163133,0.8237570096977799,16,'2016-08-30 20:04:08'),(41596,283.7962,0.00036114000000000003,'2016-08-30 20:04:09','\0',0.00033431,0.0005281,0.0005281,16242.83404528,51.6394,76.2445,15.63289936,1.330717561536817,'LEMUR 2 BRIDGEMAN',0,4.953178094648332,1082,47.2047,242.83404528,999,0.90127755375436,0.0000000010129878858233061,0.06821139136622859,0.8238774374161675,16,'2016-08-30 20:04:09'),(41597,281.1167,0.00043278000000000007,'2016-08-30 20:04:09','\0',0.00039311,0.00048679999999999996,0.00048679999999999996,16243.29153874,51.6394,78.928,15.62726431,1.3775534720140847,'LEMUR-2-NATE',0,4.906411997341144,1090,45.013,243.29153874,999,0.90127755375436,0.0000000011911569136310606,0.06818680382222495,0.7856250562002077,16,'2016-08-30 20:04:09'),(41598,279.6292,0.00031133000000000007,'2016-08-30 20:04:09','\0',0.00028373,0.000494,0.000494,16242.58442849,51.6399,80.4144,15.62979391,1.4034960460157284,'LEMUR-2-CUBECHEESE',0,4.8804502247177295,1079,48.5399,242.58442849,999,0.9012862804006199,0.000000000859726160882554,0.06819784128441456,0.8471810735887958,16,'2016-08-30 20:04:09'),(41603,29.4313,0.000015013000000000002,'2016-08-30 20:06:12','\0',0.00000246,0.0014677,0.0014677,16238.83975944,97.5042,60.7124,15.19097685,1.0596312767878056,'Lapan A3',0,0.5136730881422072,981,297.6041,238.83975944,999,1.7017693245230554,0.000000000007454010347059117,0.06628314065668418,5.194171412434458,16,'2016-08-30 20:06:12'),(41606,20.0587,0.00008207,'2016-08-30 20:04:10','\0',0.00001691,0.0011949999999999999,0.0011949999999999999,16243.40771919,97.5004,340.1115,15.19812453,5.936065498896695,'FLOCK 2P-6',0,0.35009035866978666,1050,302.153,243.40771919,999,1.7017030020114796,0.00000000005123874592226408,0.06631432829415392,5.273564694778428,16,'2016-08-30 20:04:10'),(41607,36.5166,0.000115,'2016-08-30 20:06:12','\0',0.00002358,0.0015781,0.0015781,16237.90234142,97.5027,323.7141,15.19204757,5.649876880130177,'Swayam',0,0.6373349016337614,959,296.6489,237.90234142,999,1.7017431445842757,0.00000000007144941625351786,0.06628781255402592,5.177500027419408,16,'2016-08-30 20:06:12'),(41608,20.5178,0.00024767,'2016-08-30 20:04:10','\0',0.00005242,0.0012059,0.0012059,16243.40900349,97.5003,339.6539,15.19785994,5.92807887223957,'FLOCK 2P-11',0,0.35810316526569264,1044,302.1495,243.40900349,999,1.7017012566822276,0.00000000015883708227351174,0.06631317380248697,5.273503608254607,16,'2016-08-30 20:04:10'),(41609,20.2493,0.00017333000000000002,'2016-08-30 20:04:10','\0',0.00003645,0.0011995999999999999,0.0011995999999999999,16243.14572417,97.5006,339.9215,15.19769966,5.932749373317906,'FLOCK 2P-2',0,0.35341695622408786,1038,301.8915,243.14572417,999,1.7017064926699836,0.00000000011044661672776616,0.06631247444905569,5.269000658784463,16,'2016-08-30 20:04:10'),(41610,20.88,0.00008322700000000001,'2016-08-30 20:04:11','\0',0.00001711,0.0012116,0.0012116,16243.14598898,97.5,339.2927,15.19722164,5.921774742981366,'FLOCK 2P-9',0,0.36442474781641604,1026,301.8886,243.14598898,999,1.7016960206944716,0.000000000051844763023651,0.06631038869333308,5.2689500442361545,16,'2016-08-30 20:04:11'),(41611,28.1493,0.000082091,'2016-08-30 20:04:11','\0',0.00001695,0.0012619,0.0012619,16243.40298254,97.5023,332.0421,15.19871381,5.795227900236265,'FLOCK 2P-4',0,0.4912979671316399,1046,302.1812,243.40298254,999,1.7017361632672676,0.000000000051359949342541463,0.06631689951320796,5.27405687762749,16,'2016-08-30 20:04:11'),(41612,29.7738,0.00030611000000000006,'2016-08-30 20:04:11','\0',0.00006577,0.0012347,0.0012347,16243.13370622,97.5029,330.4197,15.20208921,5.766911678451908,'FLOCK 2P-10',0,0.5196508408302878,1042,301.9304,243.13370622,999,1.7017466352427795,0.00000000019928872379108864,0.06633162747410092,5.269679591863489,16,'2016-08-30 20:04:11'),(41613,28.3131,0.00017321,'2016-08-30 20:04:11','\0',0.00003662,0.0012393,0.0012393,16243.4013585,97.5027,331.8774,15.19947782,5.792353342958231,'FLOCK 2P-8',0,0.4941568164464066,1046,302.1844,243.4013585,999,1.7017431445842757,0.00000000011096173126394504,0.0663202331357125,5.274112728163553,16,'2016-08-30 20:04:11'),(41614,28.6518,0.00025512,'2016-08-30 20:04:12','\0',0.00005479,0.0011986,0.0011986,16243.32914258,97.5035,331.5373,15.20273151,5.786417478172198,'FLOCK 2P-12',0,0.5000682466229114,1045,302.1374,243.32914258,999,1.7017571072182915,0.00000000016601838492494673,0.0663344300365473,5.273292423415117,16,'2016-08-30 20:04:12'),(41615,29.2943,0.00013246000000000002,'2016-08-30 20:04:12','\0',0.000028,0.0012324999999999999,0.0012324999999999999,16243.33138425,97.5024,330.8981,15.20147603,5.775261333593449,'FLOCK 2P-7',0,0.511281987066975,1045,302.1218,243.33138425,999,1.7017379085965194,0.0000000000848423941941688,0.06632895197162407,5.273020152051806,16,'2016-08-30 20:04:12'),(41616,28.9356,0.00029737000000000003,'2016-08-30 20:04:12','\0',0.00006383,0.0012089,0.0012089,16243.13249052,97.5035,331.2547,15.20191174,5.781485177706061,'FLOCK 2P-5',0,0.5050214910400713,1040,301.9385,243.13249052,999,1.7017571072182915,0.0000000001934103579076355,0.06633085311514504,5.269820963532899,16,'2016-08-30 20:04:12'),(41617,29.3019,0.00025797000000000005,'2016-08-30 20:04:13','\0',0.00005542,0.001188,0.001188,16243.26254081,97.5034,330.888,15.20279676,5.775085055338998,'FLOCK 2P-1',0,0.5114146320901265,1044,302.0707,243.26254081,999,1.7017553618890395,0.00000000016792733879431552,0.06633471474338154,5.272128288804036,16,'2016-08-30 20:04:13'),(41618,28.728,0.00016886,'2016-08-30 20:04:13','\0',0.00003585,0.0012005,0.0012005,16243.33039414,97.5034,331.4613,15.20110945,5.785091027940681,'FLOCK 2P-3',0,0.5013981875129311,1045,302.1323,243.33039414,999,1.7017553618890395,0.00000000010862856542360539,0.06632735246463109,5.273203411623265,16,'2016-08-30 20:04:13');
/*!40000 ALTER TABLE `tle` ENABLE KEYS */;
UNLOCK TABLES;

--
-- Table structure for table `tle_source`
--

DROP TABLE IF EXISTS `tle_source`;
/*!40101 SET @saved_cs_client     = @@character_set_client */;
/*!40101 SET character_set_client = utf8 */;
CREATE TABLE `tle_source` (
  `id` bigint(20) NOT NULL,
  `name` varchar(45) NOT NULL,
  `url` varchar(512) DEFAULT NULL,
  `enabled` tinyint(1) NOT NULL DEFAULT '1',
  `skiplines` bigint(20) NOT NULL DEFAULT '0',
  PRIMARY KEY (`id`)
) ENGINE=InnoDB DEFAULT CHARSET=utf8;
/*!40101 SET character_set_client = @saved_cs_client */;

--
-- Dumping data for table `tle_source`
--

LOCK TABLES `tle_source` WRITE;
/*!40000 ALTER TABLE `tle_source` DISABLE KEYS */;
INSERT INTO `tle_source` VALUES (1,'Celestrak - Cubesat','http://celestrak.com/NORAD/elements/cubesat.txt',1,0),(2,'Celestrak - Amateur Radio','http://celestrak.com/NORAD/elements/amateur.txt',1,0),(3,'Celestrak - Weather','http://celestrak.com/NORAD/elements/weather.txt',1,0),(4,'AMSAT','http://www.amsat.org/amsat/ftp/keps/current/nasa.all',1,15);
/*!40000 ALTER TABLE `tle_source` ENABLE KEYS */;
UNLOCK TABLES;
/*!40103 SET TIME_ZONE=@OLD_TIME_ZONE */;

/*!40101 SET SQL_MODE=@OLD_SQL_MODE */;
/*!40014 SET FOREIGN_KEY_CHECKS=@OLD_FOREIGN_KEY_CHECKS */;
/*!40014 SET UNIQUE_CHECKS=@OLD_UNIQUE_CHECKS */;
/*!40101 SET CHARACTER_SET_CLIENT=@OLD_CHARACTER_SET_CLIENT */;
/*!40101 SET CHARACTER_SET_RESULTS=@OLD_CHARACTER_SET_RESULTS */;
/*!40101 SET COLLATION_CONNECTION=@OLD_COLLATION_CONNECTION */;
/*!40111 SET SQL_NOTES=@OLD_SQL_NOTES */;

-- Dump completed on 2016-08-31  7:56:24
